0 verbose cli C:\Program Files\nodejs\node.exe C:\Program Files\nodejs\node_modules\npm\bin\npm-cli.js
1 info using npm@10.9.4
2 info using node@v22.21.0
3 silly config load:file:C:\Program Files\nodejs\node_modules\npm\npmrc
4 silly config load:file:D:\Desktop\sahayak-memory-main\sahayak-memory-companion-main\.npmrc
5 silly config load:file:C:\Users\hp\.npmrc
6 silly config load:file:C:\Users\hp\AppData\Roaming\npm\etc\npmrc
7 verbose title npm install
8 verbose argv "install"
9 verbose logfile logs-max:10 dir:D:\Desktop\sahayak-memory-main\sahayak-memory-companion-main\%USERPROFILE%\AppData\Local\npm-cache\_logs\2026-01-11T14_27_50_312Z-
10 verbose logfile D:\Desktop\sahayak-memory-main\sahayak-memory-companion-main\%USERPROFILE%\AppData\Local\npm-cache\_logs\2026-01-11T14_27_50_312Z-debug-0.log
11 silly logfile done cleaning log files
12 silly packumentCache heap:4345298944 maxSize:1086324736 maxEntrySize:543162368
13 silly idealTree buildDeps
14 silly reify moves {}
15 silly audit bulk request {
15 silly audit   '@alloc/quick-lru': [ '5.2.0' ],
15 silly audit   '@babel/runtime': [ '7.28.2' ],
15 silly audit   '@esbuild/aix-ppc64': [ '0.21.5', '0.25.0' ],
15 silly audit   '@esbuild/android-arm': [ '0.21.5', '0.25.0' ],
15 silly audit   '@esbuild/android-arm64': [ '0.21.5', '0.25.0' ],
15 silly audit   '@esbuild/android-x64': [ '0.21.5', '0.25.0' ],
15 silly audit   '@esbuild/darwin-arm64': [ '0.21.5', '0.25.0' ],
15 silly audit   '@esbuild/darwin-x64': [ '0.21.5', '0.25.0' ],
15 silly audit   '@esbuild/freebsd-arm64': [ '0.21.5', '0.25.0' ],
15 silly audit   '@esbuild/freebsd-x64': [ '0.21.5', '0.25.0' ],
15 silly audit   '@esbuild/linux-arm': [ '0.21.5', '0.25.0' ],
15 silly audit   '@esbuild/linux-arm64': [ '0.21.5', '0.25.0' ],
15 silly audit   '@esbuild/linux-ia32': [ '0.21.5', '0.25.0' ],
15 silly audit   '@esbuild/linux-loong64': [ '0.21.5', '0.25.0' ],
15 silly audit   '@esbuild/linux-mips64el': [ '0.21.5', '0.25.0' ],
15 silly audit   '@esbuild/linux-ppc64': [ '0.21.5', '0.25.0' ],
15 silly audit   '@esbuild/linux-riscv64': [ '0.21.5', '0.25.0' ],
15 silly audit   '@esbuild/linux-s390x': [ '0.21.5', '0.25.0' ],
15 silly audit   '@esbuild/linux-x64': [ '0.21.5', '0.25.0' ],
15 silly audit   '@esbuild/netbsd-arm64': [ '0.25.0' ],
15 silly audit   '@esbuild/netbsd-x64': [ '0.21.5', '0.25.0' ],
15 silly audit   '@esbuild/openbsd-arm64': [ '0.25.0' ],
15 silly audit   '@esbuild/openbsd-x64': [ '0.21.5', '0.25.0' ],
15 silly audit   '@esbuild/sunos-x64': [ '0.21.5', '0.25.0' ],
15 silly audit   '@esbuild/win32-arm64': [ '0.21.5', '0.25.0' ],
15 silly audit   '@esbuild/win32-ia32': [ '0.21.5', '0.25.0' ],
15 silly audit   '@esbuild/win32-x64': [ '0.21.5', '0.25.0' ],
15 silly audit   '@eslint-community/eslint-utils': [ '4.7.0' ],
15 silly audit   'eslint-visitor-keys': [ '3.4.3', '4.2.1' ],
15 silly audit   '@eslint-community/regexpp': [ '4.12.1' ],
15 silly audit   '@eslint/config-array': [ '0.21.0' ],
15 silly audit   '@eslint/config-helpers': [ '0.3.0' ],
15 silly audit   '@eslint/core': [ '0.15.1' ],
15 silly audit   '@eslint/eslintrc': [ '3.3.1' ],
15 silly audit   globals: [ '14.0.0', '15.15.0' ],
15 silly audit   '@eslint/js': [ '9.32.0' ],
15 silly audit   '@eslint/object-schema': [ '2.1.6' ],
15 silly audit   '@eslint/plugin-kit': [ '0.3.4' ],
15 silly audit   '@floating-ui/core': [ '1.7.2' ],
15 silly audit   '@floating-ui/dom': [ '1.7.2' ],
15 silly audit   '@floating-ui/react-dom': [ '2.1.4' ],
15 silly audit   '@floating-ui/utils': [ '0.2.10' ],
15 silly audit   '@hookform/resolvers': [ '3.10.0' ],
15 silly audit   '@humanfs/core': [ '0.19.1' ],
15 silly audit   '@humanfs/node': [ '0.16.6' ],
15 silly audit   '@humanwhocodes/retry': [ '0.3.1', '0.4.3' ],
15 silly audit   '@humanwhocodes/module-importer': [ '1.0.1' ],
15 silly audit   '@isaacs/cliui': [ '8.0.2' ],
15 silly audit   '@jridgewell/gen-mapping': [ '0.3.5' ],
15 silly audit   '@jridgewell/resolve-uri': [ '3.1.2' ],
15 silly audit   '@jridgewell/set-array': [ '1.2.1' ],
15 silly audit   '@jridgewell/sourcemap-codec': [ '1.5.0' ],
15 silly audit   '@jridgewell/trace-mapping': [ '0.3.25' ],
15 silly audit   '@nodelib/fs.scandir': [ '2.1.5' ],
15 silly audit   '@nodelib/fs.stat': [ '2.0.5' ],
15 silly audit   '@nodelib/fs.walk': [ '1.2.8' ],
15 silly audit   '@pkgjs/parseargs': [ '0.11.0' ],
15 silly audit   '@radix-ui/number': [ '1.1.1' ],
15 silly audit   '@radix-ui/primitive': [ '1.1.2' ],
15 silly audit   '@radix-ui/react-accordion': [ '1.2.11' ],
15 silly audit   '@radix-ui/react-alert-dialog': [ '1.1.14' ],
15 silly audit   '@radix-ui/react-arrow': [ '1.1.7' ],
15 silly audit   '@radix-ui/react-aspect-ratio': [ '1.1.7' ],
15 silly audit   '@radix-ui/react-avatar': [ '1.1.10' ],
15 silly audit   '@radix-ui/react-checkbox': [ '1.3.2' ],
15 silly audit   '@radix-ui/react-collapsible': [ '1.1.11' ],
15 silly audit   '@radix-ui/react-collection': [ '1.1.7' ],
15 silly audit   '@radix-ui/react-compose-refs': [ '1.1.2' ],
15 silly audit   '@radix-ui/react-context': [ '1.1.2' ],
15 silly audit   '@radix-ui/react-context-menu': [ '2.2.15' ],
15 silly audit   '@radix-ui/react-dialog': [ '1.1.14' ],
15 silly audit   '@radix-ui/react-direction': [ '1.1.1' ],
15 silly audit   '@radix-ui/react-dismissable-layer': [ '1.1.10' ],
15 silly audit   '@radix-ui/react-dropdown-menu': [ '2.1.15' ],
15 silly audit   '@radix-ui/react-focus-guards': [ '1.1.2' ],
15 silly audit   '@radix-ui/react-focus-scope': [ '1.1.7' ],
15 silly audit   '@radix-ui/react-hover-card': [ '1.1.14' ],
15 silly audit   '@radix-ui/react-id': [ '1.1.1' ],
15 silly audit   '@radix-ui/react-label': [ '2.1.7' ],
15 silly audit   '@radix-ui/react-menu': [ '2.1.15' ],
15 silly audit   '@radix-ui/react-menubar': [ '1.1.15' ],
15 silly audit   '@radix-ui/react-navigation-menu': [ '1.2.13' ],
15 silly audit   '@radix-ui/react-popover': [ '1.1.14' ],
15 silly audit   '@radix-ui/react-popper': [ '1.2.7' ],
15 silly audit   '@radix-ui/react-portal': [ '1.1.9' ],
15 silly audit   '@radix-ui/react-presence': [ '1.1.4' ],
15 silly audit   '@radix-ui/react-primitive': [ '2.1.3' ],
15 silly audit   '@radix-ui/react-progress': [ '1.1.7' ],
15 silly audit   '@radix-ui/react-radio-group': [ '1.3.7' ],
15 silly audit   '@radix-ui/react-roving-focus': [ '1.1.10' ],
15 silly audit   '@radix-ui/react-scroll-area': [ '1.2.9' ],
15 silly audit   '@radix-ui/react-select': [ '2.2.5' ],
15 silly audit   '@radix-ui/react-separator': [ '1.1.7' ],
15 silly audit   '@radix-ui/react-slider': [ '1.3.5' ],
15 silly audit   '@radix-ui/react-slot': [ '1.2.3' ],
15 silly audit   '@radix-ui/react-switch': [ '1.2.5' ],
15 silly audit   '@radix-ui/react-tabs': [ '1.1.12' ],
15 silly audit   '@radix-ui/react-toast': [ '1.2.14' ],
15 silly audit   '@radix-ui/react-toggle': [ '1.1.9' ],
15 silly audit   '@radix-ui/react-toggle-group': [ '1.1.10' ],
15 silly audit   '@radix-ui/react-tooltip': [ '1.2.7' ],
15 silly audit   '@radix-ui/react-use-callback-ref': [ '1.1.1' ],
15 silly audit   '@radix-ui/react-use-controllable-state': [ '1.2.2' ],
15 silly audit   '@radix-ui/react-use-effect-event': [ '0.0.2' ],
15 silly audit   '@radix-ui/react-use-escape-keydown': [ '1.1.1' ],
15 silly audit   '@radix-ui/react-use-is-hydrated': [ '0.1.0' ],
15 silly audit   '@radix-ui/react-use-layout-effect': [ '1.1.1' ],
15 silly audit   '@radix-ui/react-use-previous': [ '1.1.1' ],
15 silly audit   '@radix-ui/react-use-rect': [ '1.1.1' ],
15 silly audit   '@radix-ui/react-use-size': [ '1.1.1' ],
15 silly audit   '@radix-ui/react-visually-hidden': [ '1.2.3' ],
15 silly audit   '@radix-ui/rect': [ '1.1.1' ],
15 silly audit   '@remix-run/router': [ '1.23.0' ],
15 silly audit   '@rolldown/pluginutils': [ '1.0.0-beta.27' ],
15 silly audit   '@rollup/rollup-android-arm-eabi': [ '4.24.0' ],
15 silly audit   '@rollup/rollup-android-arm64': [ '4.24.0' ],
15 silly audit   '@rollup/rollup-darwin-arm64': [ '4.24.0' ],
15 silly audit   '@rollup/rollup-darwin-x64': [ '4.24.0' ],
15 silly audit   '@rollup/rollup-linux-arm-gnueabihf': [ '4.24.0' ],
15 silly audit   '@rollup/rollup-linux-arm-musleabihf': [ '4.24.0' ],
15 silly audit   '@rollup/rollup-linux-arm64-gnu': [ '4.24.0' ],
15 silly audit   '@rollup/rollup-linux-arm64-musl': [ '4.24.0' ],
15 silly audit   '@rollup/rollup-linux-powerpc64le-gnu': [ '4.24.0' ],
15 silly audit   '@rollup/rollup-linux-riscv64-gnu': [ '4.24.0' ],
15 silly audit   '@rollup/rollup-linux-s390x-gnu': [ '4.24.0' ],
15 silly audit   '@rollup/rollup-linux-x64-gnu': [ '4.24.0' ],
15 silly audit   '@rollup/rollup-linux-x64-musl': [ '4.24.0' ],
15 silly audit   '@rollup/rollup-win32-arm64-msvc': [ '4.24.0' ],
15 silly audit   '@rollup/rollup-win32-ia32-msvc': [ '4.24.0' ],
15 silly audit   '@rollup/rollup-win32-x64-msvc': [ '4.24.0' ],
15 silly audit   '@swc/core': [ '1.13.2' ],
15 silly audit   '@swc/core-darwin-arm64': [ '1.13.2' ],
15 silly audit   '@swc/core-darwin-x64': [ '1.13.2' ],
15 silly audit   '@swc/core-linux-arm-gnueabihf': [ '1.13.2' ],
15 silly audit   '@swc/core-linux-arm64-gnu': [ '1.13.2' ],
15 silly audit   '@swc/core-linux-arm64-musl': [ '1.13.2' ],
15 silly audit   '@swc/core-linux-x64-gnu': [ '1.13.2' ],
15 silly audit   '@swc/core-linux-x64-musl': [ '1.13.2' ],
15 silly audit   '@swc/core-win32-arm64-msvc': [ '1.13.2' ],
15 silly audit   '@swc/core-win32-ia32-msvc': [ '1.13.2' ],
15 silly audit   '@swc/core-win32-x64-msvc': [ '1.13.2' ],
15 silly audit   '@swc/counter': [ '0.1.3' ],
15 silly audit   '@swc/types': [ '0.1.23' ],
15 silly audit   '@tailwindcss/typography': [ '0.5.16' ],
15 silly audit   'postcss-selector-parser': [ '6.0.10', '6.1.2' ],
15 silly audit   '@tanstack/query-core': [ '5.83.0' ],
15 silly audit   '@tanstack/react-query': [ '5.83.0' ],
15 silly audit   '@types/d3-array': [ '3.2.1' ],
15 silly audit   '@types/d3-color': [ '3.1.3' ],
15 silly audit   '@types/d3-ease': [ '3.0.2' ],
15 silly audit   '@types/d3-interpolate': [ '3.0.4' ],
15 silly audit   '@types/d3-path': [ '3.1.0' ],
15 silly audit   '@types/d3-scale': [ '4.0.8' ],
15 silly audit   '@types/d3-shape': [ '3.1.6' ],
15 silly audit   '@types/d3-time': [ '3.0.3' ],
15 silly audit   '@types/d3-timer': [ '3.0.2' ],
15 silly audit   '@types/estree': [ '1.0.6' ],
15 silly audit   '@types/json-schema': [ '7.0.15' ],
15 silly audit   '@types/node': [ '22.16.5' ],
15 silly audit   '@types/prop-types': [ '15.7.13' ],
15 silly audit   '@types/react': [ '18.3.23' ],
15 silly audit   '@types/react-dom': [ '18.3.7' ],
15 silly audit   '@typescript-eslint/eslint-plugin': [ '8.38.0' ],
15 silly audit   ignore: [ '7.0.5', '5.3.2' ],
15 silly audit   '@typescript-eslint/parser': [ '8.38.0' ],
15 silly audit   '@typescript-eslint/project-service': [ '8.38.0' ],
15 silly audit   '@typescript-eslint/scope-manager': [ '8.38.0' ],
15 silly audit   '@typescript-eslint/tsconfig-utils': [ '8.38.0' ],
15 silly audit   '@typescript-eslint/type-utils': [ '8.38.0' ],
15 silly audit   '@typescript-eslint/types': [ '8.38.0' ],
15 silly audit   '@typescript-eslint/typescript-estree': [ '8.38.0' ],
15 silly audit   'brace-expansion': [ '2.0.2', '1.1.12' ],
15 silly audit   minimatch: [ '9.0.5', '3.1.2' ],
15 silly audit   '@typescript-eslint/utils': [ '8.38.0' ],
15 silly audit   '@typescript-eslint/visitor-keys': [ '8.38.0' ],
15 silly audit   '@vitejs/plugin-react-swc': [ '3.11.0' ],
15 silly audit   acorn: [ '8.15.0' ],
15 silly audit   'acorn-jsx': [ '5.3.2' ],
15 silly audit   ajv: [ '6.12.6' ],
15 silly audit   'ansi-regex': [ '6.1.0', '5.0.1' ],
15 silly audit   'ansi-styles': [ '4.3.0', '6.2.1' ],
15 silly audit   'any-promise': [ '1.3.0' ],
15 silly audit   anymatch: [ '3.1.3' ],
15 silly audit   arg: [ '5.0.2' ],
15 silly audit   argparse: [ '2.0.1' ],
15 silly audit   'aria-hidden': [ '1.2.4' ],
15 silly audit   autoprefixer: [ '10.4.21' ],
15 silly audit   'balanced-match': [ '1.0.2' ],
15 silly audit   'binary-extensions': [ '2.3.0' ],
15 silly audit   braces: [ '3.0.3' ],
15 silly audit   browserslist: [ '4.25.1' ],
15 silly audit   callsites: [ '3.1.0' ],
15 silly audit   'camelcase-css': [ '2.0.1' ],
15 silly audit   'caniuse-lite': [ '1.0.30001727' ],
15 silly audit   chalk: [ '4.1.2' ],
15 silly audit   chokidar: [ '3.6.0' ],
15 silly audit   'glob-parent': [ '5.1.2', '6.0.2' ],
15 silly audit   'class-variance-authority': [ '0.7.1' ],
15 silly audit   clsx: [ '2.1.1' ],
15 silly audit   cmdk: [ '1.1.1' ],
15 silly audit   'color-convert': [ '2.0.1' ],
15 silly audit   'color-name': [ '1.1.4' ],
15 silly audit   commander: [ '4.1.1' ],
15 silly audit   'concat-map': [ '0.0.1' ],
15 silly audit   'cross-spawn': [ '7.0.6' ],
15 silly audit   cssesc: [ '3.0.0' ],
15 silly audit   csstype: [ '3.1.3' ],
15 silly audit   'd3-array': [ '3.2.4' ],
15 silly audit   'd3-color': [ '3.1.0' ],
15 silly audit   'd3-ease': [ '3.0.1' ],
15 silly audit   'd3-format': [ '3.1.0' ],
15 silly audit   'd3-interpolate': [ '3.0.1' ],
15 silly audit   'd3-path': [ '3.1.0' ],
15 silly audit   'd3-scale': [ '4.0.2' ],
15 silly audit   'd3-shape': [ '3.2.0' ],
15 silly audit   'd3-time': [ '3.1.0' ],
15 silly audit   'd3-time-format': [ '4.1.0' ],
15 silly audit   'd3-timer': [ '3.0.1' ],
15 silly audit   'date-fns': [ '3.6.0' ],
15 silly audit   debug: [ '4.3.7' ],
15 silly audit   'decimal.js-light': [ '2.5.1' ],
15 silly audit   'deep-is': [ '0.1.4' ],
15 silly audit   'detect-node-es': [ '1.1.0' ],
15 silly audit   didyoumean: [ '1.2.2' ],
15 silly audit   dlv: [ '1.1.3' ],
15 silly audit   'dom-helpers': [ '5.2.1' ],
15 silly audit   eastasianwidth: [ '0.2.0' ],
15 silly audit   'electron-to-chromium': [ '1.5.192' ],
15 silly audit   'embla-carousel': [ '8.6.0' ],
15 silly audit   'embla-carousel-react': [ '8.6.0' ],
15 silly audit   'embla-carousel-reactive-utils': [ '8.6.0' ],
15 silly audit   'emoji-regex': [ '9.2.2', '8.0.0' ],
15 silly audit   esbuild: [ '0.21.5', '0.25.0' ],
15 silly audit   escalade: [ '3.2.0' ],
15 silly audit   'escape-string-regexp': [ '4.0.0' ],
15 silly audit   eslint: [ '9.32.0' ],
15 silly audit   'eslint-plugin-react-hooks': [ '5.2.0' ],
15 silly audit   'eslint-plugin-react-refresh': [ '0.4.20' ],
15 silly audit   'eslint-scope': [ '8.4.0' ],
15 silly audit   espree: [ '10.4.0' ],
15 silly audit   esquery: [ '1.6.0' ],
15 silly audit   esrecurse: [ '4.3.0' ],
15 silly audit   estraverse: [ '5.3.0' ],
15 silly audit   esutils: [ '2.0.3' ],
15 silly audit   eventemitter3: [ '4.0.7' ],
15 silly audit   'fast-deep-equal': [ '3.1.3' ],
15 silly audit   'fast-equals': [ '5.2.2' ],
15 silly audit   'fast-glob': [ '3.3.2' ],
15 silly audit   'fast-json-stable-stringify': [ '2.1.0' ],
15 silly audit   'fast-levenshtein': [ '2.0.6' ],
15 silly audit   fastq: [ '1.17.1' ],
15 silly audit   'file-entry-cache': [ '8.0.0' ],
15 silly audit   'fill-range': [ '7.1.1' ],
15 silly audit   'find-up': [ '5.0.0' ],
15 silly audit   'flat-cache': [ '4.0.1' ],
15 silly audit   flatted: [ '3.3.1' ],
15 silly audit   'foreground-child': [ '3.3.0' ],
15 silly audit   'fraction.js': [ '4.3.7' ],
15 silly audit   'framer-motion': [ '12.25.0' ],
15 silly audit   fsevents: [ '2.3.3' ],
15 silly audit   'function-bind': [ '1.1.2' ],
15 silly audit   'get-nonce': [ '1.0.1' ],
15 silly audit   glob: [ '10.4.5' ],
15 silly audit   graphemer: [ '1.4.0' ],
15 silly audit   'has-flag': [ '4.0.0' ],
15 silly audit   hasown: [ '2.0.2' ],
15 silly audit   idb: [ '8.0.3' ],
15 silly audit   'import-fresh': [ '3.3.1' ],
15 silly audit   imurmurhash: [ '0.1.4' ],
15 silly audit   'input-otp': [ '1.4.2' ],
15 silly audit   internmap: [ '2.0.3' ],
15 silly audit   'is-binary-path': [ '2.1.0' ],
15 silly audit   'is-core-module': [ '2.15.1' ],
15 silly audit   'is-extglob': [ '2.1.1' ],
15 silly audit   'is-fullwidth-code-point': [ '3.0.0' ],
15 silly audit   'is-glob': [ '4.0.3' ],
15 silly audit   'is-number': [ '7.0.0' ],
15 silly audit   isexe: [ '2.0.0' ],
15 silly audit   jackspeak: [ '3.4.3' ],
15 silly audit   jiti: [ '1.21.6' ],
15 silly audit   'js-tokens': [ '4.0.0' ],
15 silly audit   'js-yaml': [ '4.1.0' ],
15 silly audit   'json-buffer': [ '3.0.1' ],
15 silly audit   'json-schema-traverse': [ '0.4.1' ],
15 silly audit   'json-stable-stringify-without-jsonify': [ '1.0.1' ],
15 silly audit   keyv: [ '4.5.4' ],
15 silly audit   levn: [ '0.4.1' ],
15 silly audit   lilconfig: [ '3.1.3' ],
15 silly audit   'lines-and-columns': [ '1.2.4' ],
15 silly audit   'locate-path': [ '6.0.0' ],
15 silly audit   lodash: [ '4.17.21' ],
15 silly audit   'lodash.castarray': [ '4.4.0' ],
15 silly audit   'lodash.isplainobject': [ '4.0.6' ],
15 silly audit   'lodash.merge': [ '4.6.2' ],
15 silly audit   'loose-envify': [ '1.4.0' ],
15 silly audit   'lovable-tagger': [ '1.1.13' ],
15 silly audit   'lru-cache': [ '10.4.3' ],
15 silly audit   'lucide-react': [ '0.462.0' ],
15 silly audit   merge2: [ '1.4.1' ],
15 silly audit   micromatch: [ '4.0.8' ],
15 silly audit   minipass: [ '7.1.2' ],
15 silly audit   'motion-dom': [ '12.24.11' ],
15 silly audit   'motion-utils': [ '12.24.10' ],
15 silly audit   ms: [ '2.1.3' ],
15 silly audit   mz: [ '2.7.0' ],
15 silly audit   nanoid: [ '3.3.11' ],
15 silly audit   'natural-compare': [ '1.4.0' ],
15 silly audit   'next-themes': [ '0.3.0' ],
15 silly audit   'node-releases': [ '2.0.19' ],
15 silly audit   'normalize-path': [ '3.0.0' ],
15 silly audit   'normalize-range': [ '0.1.2' ],
15 silly audit   'object-assign': [ '4.1.1' ],
15 silly audit   'object-hash': [ '3.0.0' ],
15 silly audit   optionator: [ '0.9.4' ],
15 silly audit   'p-limit': [ '3.1.0' ],
15 silly audit   'p-locate': [ '5.0.0' ],
15 silly audit   'package-json-from-dist': [ '1.0.1' ],
15 silly audit   'parent-module': [ '1.0.1' ],
15 silly audit   'path-exists': [ '4.0.0' ],
15 silly audit   'path-key': [ '3.1.1' ],
15 silly audit   'path-parse': [ '1.0.7' ],
15 silly audit   'path-scurry': [ '1.11.1' ],
15 silly audit   picocolors: [ '1.1.1' ],
15 silly audit   picomatch: [ '2.3.1' ],
15 silly audit   pify: [ '2.3.0' ],
15 silly audit   pirates: [ '4.0.6' ],
15 silly audit   postcss: [ '8.5.6' ],
15 silly audit   'postcss-import': [ '15.1.0' ],
15 silly audit   'postcss-js': [ '4.0.1' ],
15 silly audit   'postcss-load-config': [ '4.0.2' ],
15 silly audit   'postcss-nested': [ '6.2.0' ],
15 silly audit   'postcss-value-parser': [ '4.2.0' ],
15 silly audit   'prelude-ls': [ '1.2.1' ],
15 silly audit   'prop-types': [ '15.8.1' ],
15 silly audit   'react-is': [ '16.13.1', '18.3.1' ],
15 silly audit   punycode: [ '2.3.1' ],
15 silly audit   'queue-microtask': [ '1.2.3' ],
15 silly audit   react: [ '18.3.1' ],
15 silly audit   'react-day-picker': [ '8.10.1' ],
15 silly audit   'react-dom': [ '18.3.1' ],
15 silly audit   'react-hook-form': [ '7.61.1' ],
15 silly audit   'react-remove-scroll': [ '2.7.1' ],
15 silly audit   'react-remove-scroll-bar': [ '2.3.8' ],
15 silly audit   'react-resizable-panels': [ '2.1.9' ],
15 silly audit   'react-router': [ '6.30.1' ],
15 silly audit   'react-router-dom': [ '6.30.1' ],
15 silly audit   'react-smooth': [ '4.0.4' ],
15 silly audit   'react-style-singleton': [ '2.2.3' ],
15 silly audit   'react-transition-group': [ '4.4.5' ],
15 silly audit   'read-cache': [ '1.0.0' ],
15 silly audit   readdirp: [ '3.6.0' ],
15 silly audit   recharts: [ '2.15.4' ],
15 silly audit   'recharts-scale': [ '0.4.5' ],
15 silly audit   resolve: [ '1.22.8' ],
15 silly audit   'resolve-from': [ '4.0.0' ],
15 silly audit   reusify: [ '1.0.4' ],
15 silly audit   rollup: [ '4.24.0' ],
15 silly audit   'run-parallel': [ '1.2.0' ],
15 silly audit   scheduler: [ '0.23.2' ],
15 silly audit   semver: [ '7.7.2' ],
15 silly audit   'shebang-command': [ '2.0.0' ],
15 silly audit   'shebang-regex': [ '3.0.0' ],
15 silly audit   'signal-exit': [ '4.1.0' ],
15 silly audit   sonner: [ '1.7.4' ],
15 silly audit   'source-map-js': [ '1.2.1' ],
15 silly audit   'string-width': [ '5.1.2', '4.2.3' ],
15 silly audit   'strip-ansi': [ '6.0.1', '7.1.0' ],
15 silly audit   'strip-json-comments': [ '3.1.1' ],
15 silly audit   sucrase: [ '3.35.0' ],
15 silly audit   'supports-color': [ '7.2.0' ],
15 silly audit   'supports-preserve-symlinks-flag': [ '1.0.0' ],
15 silly audit   'tailwind-merge': [ '2.6.0' ],
15 silly audit   tailwindcss: [ '3.4.17' ],
15 silly audit   'tailwindcss-animate': [ '1.0.7' ],
15 silly audit   thenify: [ '3.3.1' ],
15 silly audit   'thenify-all': [ '1.6.0' ],
15 silly audit   'tiny-invariant': [ '1.3.3' ],
15 silly audit   'to-regex-range': [ '5.0.1' ],
15 silly audit   'ts-api-utils': [ '2.1.0' ],
15 silly audit   'ts-interface-checker': [ '0.1.13' ],
15 silly audit   tslib: [ '2.8.0' ],
15 silly audit   'type-check': [ '0.4.0' ],
15 silly audit   typescript: [ '5.8.3' ],
15 silly audit   'typescript-eslint': [ '8.38.0' ],
15 silly audit   'undici-types': [ '6.21.0' ],
15 silly audit   'update-browserslist-db': [ '1.1.3' ],
15 silly audit   'uri-js': [ '4.4.1' ],
15 silly audit   'use-callback-ref': [ '1.3.3' ],
15 silly audit   'use-sidecar': [ '1.1.3' ],
15 silly audit   'use-sync-external-store': [ '1.5.0' ],
15 silly audit   'util-deprecate': [ '1.0.2' ],
15 silly audit   vaul: [ '0.9.9' ],
15 silly audit   'victory-vendor': [ '36.9.2' ],
15 silly audit   vite: [ '5.4.19' ],
15 silly audit   which: [ '2.0.2' ],
15 silly audit   'word-wrap': [ '1.2.5' ],
15 silly audit   'wrap-ansi': [ '8.1.0', '7.0.0' ],
15 silly audit   yaml: [ '2.6.0' ],
15 silly audit   'yocto-queue': [ '0.1.0' ],
15 silly audit   zod: [ '3.25.76' ]
15 silly audit }
16 verbose reify failed optional dependency D:\Desktop\sahayak-memory-main\sahayak-memory-companion-main\node_modules\lovable-tagger\node_modules\@esbuild\win32-ia32
17 silly reify mark deleted [
17 silly reify   'D:\\Desktop\\sahayak-memory-main\\sahayak-memory-companion-main\\node_modules\\lovable-tagger\\node_modules\\@esbuild\\win32-ia32'
17 silly reify ]
18 verbose reify failed optional dependency D:\Desktop\sahayak-memory-main\sahayak-memory-companion-main\node_modules\lovable-tagger\node_modules\@esbuild\win32-arm64
19 silly reify mark deleted [
19 silly reify   'D:\\Desktop\\sahayak-memory-main\\sahayak-memory-companion-main\\node_modules\\lovable-tagger\\node_modules\\@esbuild\\win32-arm64'
19 silly reify ]
20 verbose reify failed optional dependency D:\Desktop\sahayak-memory-main\sahayak-memory-companion-main\node_modules\lovable-tagger\node_modules\@esbuild\sunos-x64
21 silly reify mark deleted [
21 silly reify   'D:\\Desktop\\sahayak-memory-main\\sahayak-memory-companion-main\\node_modules\\lovable-tagger\\node_modules\\@esbuild\\sunos-x64'
21 silly reify ]
22 verbose reify failed optional dependency D:\Desktop\sahayak-memory-main\sahayak-memory-companion-main\node_modules\lovable-tagger\node_modules\@esbuild\openbsd-x64
23 silly reify mark deleted [
23 silly reify   'D:\\Desktop\\sahayak-memory-main\\sahayak-memory-companion-main\\node_modules\\lovable-tagger\\node_modules\\@esbuild\\openbsd-x64'
23 silly reify ]
24 verbose reify failed optional dependency D:\Desktop\sahayak-memory-main\sahayak-memory-companion-main\node_modules\lovable-tagger\node_modules\@esbuild\netbsd-x64
25 silly reify mark deleted [
25 silly reify   'D:\\Desktop\\sahayak-memory-main\\sahayak-memory-companion-main\\node_modules\\lovable-tagger\\node_modules\\@esbuild\\netbsd-x64'
25 silly reify ]
26 verbose reify failed optional dependency D:\Desktop\sahayak-memory-main\sahayak-memory-companion-main\node_modules\lovable-tagger\node_modules\@esbuild\linux-x64
27 silly reify mark deleted [
27 silly reify   'D:\\Desktop\\sahayak-memory-main\\sahayak-memory-companion-main\\node_modules\\lovable-tagger\\node_modules\\@esbuild\\linux-x64'
27 silly reify ]
28 verbose reify failed optional dependency D:\Desktop\sahayak-memory-main\sahayak-memory-companion-main\node_modules\lovable-tagger\node_modules\@esbuild\linux-s390x
29 silly reify mark deleted [
29 silly reify   'D:\\Desktop\\sahayak-memory-main\\sahayak-memory-companion-main\\node_modules\\lovable-tagger\\node_modules\\@esbuild\\linux-s390x'
29 silly reify ]
30 verbose reify failed optional dependency D:\Desktop\sahayak-memory-main\sahayak-memory-companion-main\node_modules\lovable-tagger\node_modules\@esbuild\linux-riscv64
31 silly reify mark deleted [
31 silly reify   'D:\\Desktop\\sahayak-memory-main\\sahayak-memory-companion-main\\node_modules\\lovable-tagger\\node_modules\\@esbuild\\linux-riscv64'
31 silly reify ]
32 verbose reify failed optional dependency D:\Desktop\sahayak-memory-main\sahayak-memory-companion-main\node_modules\lovable-tagger\node_modules\@esbuild\linux-ppc64
33 silly reify mark deleted [
33 silly reify   'D:\\Desktop\\sahayak-memory-main\\sahayak-memory-companion-main\\node_modules\\lovable-tagger\\node_modules\\@esbuild\\linux-ppc64'
33 silly reify ]
34 verbose reify failed optional dependency D:\Desktop\sahayak-memory-main\sahayak-memory-companion-main\node_modules\lovable-tagger\node_modules\@esbuild\linux-mips64el
35 silly reify mark deleted [
35 silly reify   'D:\\Desktop\\sahayak-memory-main\\sahayak-memory-companion-main\\node_modules\\lovable-tagger\\node_modules\\@esbuild\\linux-mips64el'
35 silly reify ]
36 verbose reify failed optional dependency D:\Desktop\sahayak-memory-main\sahayak-memory-companion-main\node_modules\lovable-tagger\node_modules\@esbuild\linux-loong64
37 silly reify mark deleted [
37 silly reify   'D:\\Desktop\\sahayak-memory-main\\sahayak-memory-companion-main\\node_modules\\lovable-tagger\\node_modules\\@esbuild\\linux-loong64'
37 silly reify ]
38 verbose reify failed optional dependency D:\Desktop\sahayak-memory-main\sahayak-memory-companion-main\node_modules\lovable-tagger\node_modules\@esbuild\linux-ia32
39 silly reify mark deleted [
39 silly reify   'D:\\Desktop\\sahayak-memory-main\\sahayak-memory-companion-main\\node_modules\\lovable-tagger\\node_modules\\@esbuild\\linux-ia32'
39 silly reify ]
40 verbose reify failed optional dependency D:\Desktop\sahayak-memory-main\sahayak-memory-companion-main\node_modules\lovable-tagger\node_modules\@esbuild\linux-arm64
41 silly reify mark deleted [
41 silly reify   'D:\\Desktop\\sahayak-memory-main\\sahayak-memory-companion-main\\node_modules\\lovable-tagger\\node_modules\\@esbuild\\linux-arm64'
41 silly reify ]
42 verbose reify failed optional dependency D:\Desktop\sahayak-memory-main\sahayak-memory-companion-main\node_modules\lovable-tagger\node_modules\@esbuild\linux-arm
43 silly reify mark deleted [
43 silly reify   'D:\\Desktop\\sahayak-memory-main\\sahayak-memory-companion-main\\node_modules\\lovable-tagger\\node_modules\\@esbuild\\linux-arm'
43 silly reify ]
44 verbose reify failed optional dependency D:\Desktop\sahayak-memory-main\sahayak-memory-companion-main\node_modules\lovable-tagger\node_modules\@esbuild\freebsd-x64
45 silly reify mark deleted [
45 silly reify   'D:\\Desktop\\sahayak-memory-main\\sahayak-memory-companion-main\\node_modules\\lovable-tagger\\node_modules\\@esbuild\\freebsd-x64'
45 silly reify ]
46 verbose reify failed optional dependency D:\Desktop\sahayak-memory-main\sahayak-memory-companion-main\node_modules\lovable-tagger\node_modules\@esbuild\freebsd-arm64
47 silly reify mark deleted [
47 silly reify   'D:\\Desktop\\sahayak-memory-main\\sahayak-memory-companion-main\\node_modules\\lovable-tagger\\node_modules\\@esbuild\\freebsd-arm64'
47 silly reify ]
48 verbose reify failed optional dependency D:\Desktop\sahayak-memory-main\sahayak-memory-companion-main\node_modules\lovable-tagger\node_modules\@esbuild\darwin-x64
49 silly reify mark deleted [
49 silly reify   'D:\\Desktop\\sahayak-memory-main\\sahayak-memory-companion-main\\node_modules\\lovable-tagger\\node_modules\\@esbuild\\darwin-x64'
49 silly reify ]
50 verbose reify failed optional dependency D:\Desktop\sahayak-memory-main\sahayak-memory-companion-main\node_modules\lovable-tagger\node_modules\@esbuild\darwin-arm64
51 silly reify mark deleted [
51 silly reify   'D:\\Desktop\\sahayak-memory-main\\sahayak-memory-companion-main\\node_modules\\lovable-tagger\\node_modules\\@esbuild\\darwin-arm64'
51 silly reify ]
52 verbose reify failed optional dependency D:\Desktop\sahayak-memory-main\sahayak-memory-companion-main\node_modules\lovable-tagger\node_modules\@esbuild\android-x64
53 silly reify mark deleted [
53 silly reify   'D:\\Desktop\\sahayak-memory-main\\sahayak-memory-companion-main\\node_modules\\lovable-tagger\\node_modules\\@esbuild\\android-x64'
53 silly reify ]
54 verbose reify failed optional dependency D:\Desktop\sahayak-memory-main\sahayak-memory-companion-main\node_modules\lovable-tagger\node_modules\@esbuild\android-arm64
55 silly reify mark deleted [
55 silly reify   'D:\\Desktop\\sahayak-memory-main\\sahayak-memory-companion-main\\node_modules\\lovable-tagger\\node_modules\\@esbuild\\android-arm64'
55 silly reify ]
56 verbose reify failed optional dependency D:\Desktop\sahayak-memory-main\sahayak-memory-companion-main\node_modules\lovable-tagger\node_modules\@esbuild\android-arm
57 silly reify mark deleted [
57 silly reify   'D:\\Desktop\\sahayak-memory-main\\sahayak-memory-companion-main\\node_modules\\lovable-tagger\\node_modules\\@esbuild\\android-arm'
57 silly reify ]
58 verbose reify failed optional dependency D:\Desktop\sahayak-memory-main\sahayak-memory-companion-main\node_modules\lovable-tagger\node_modules\@esbuild\aix-ppc64
59 silly reify mark deleted [
59 silly reify   'D:\\Desktop\\sahayak-memory-main\\sahayak-memory-companion-main\\node_modules\\lovable-tagger\\node_modules\\@esbuild\\aix-ppc64'
59 silly reify ]
60 verbose reify failed optional dependency D:\Desktop\sahayak-memory-main\sahayak-memory-companion-main\node_modules\fsevents
61 silly reify mark deleted [
61 silly reify   'D:\\Desktop\\sahayak-memory-main\\sahayak-memory-companion-main\\node_modules\\fsevents'
61 silly reify ]
62 verbose reify failed optional dependency D:\Desktop\sahayak-memory-main\sahayak-memory-companion-main\node_modules\@swc\core-win32-ia32-msvc
63 silly reify mark deleted [
63 silly reify   'D:\\Desktop\\sahayak-memory-main\\sahayak-memory-companion-main\\node_modules\\@swc\\core-win32-ia32-msvc'
63 silly reify ]
64 verbose reify failed optional dependency D:\Desktop\sahayak-memory-main\sahayak-memory-companion-main\node_modules\@swc\core-win32-arm64-msvc
65 silly reify mark deleted [
65 silly reify   'D:\\Desktop\\sahayak-memory-main\\sahayak-memory-companion-main\\node_modules\\@swc\\core-win32-arm64-msvc'
65 silly reify ]
66 verbose reify failed optional dependency D:\Desktop\sahayak-memory-main\sahayak-memory-companion-main\node_modules\@swc\core-linux-x64-musl
67 silly reify mark deleted [
67 silly reify   'D:\\Desktop\\sahayak-memory-main\\sahayak-memory-companion-main\\node_modules\\@swc\\core-linux-x64-musl'
67 silly reify ]
68 verbose reify failed optional dependency D:\Desktop\sahayak-memory-main\sahayak-memory-companion-main\node_modules\@swc\core-linux-x64-gnu
69 silly reify mark deleted [
69 silly reify   'D:\\Desktop\\sahayak-memory-main\\sahayak-memory-companion-main\\node_modules\\@swc\\core-linux-x64-gnu'
69 silly reify ]
70 verbose reify failed optional dependency D:\Desktop\sahayak-memory-main\sahayak-memory-companion-main\node_modules\@swc\core-linux-arm64-musl
71 silly reify mark deleted [
71 silly reify   'D:\\Desktop\\sahayak-memory-main\\sahayak-memory-companion-main\\node_modules\\@swc\\core-linux-arm64-musl'
71 silly reify ]
72 verbose reify failed optional dependency D:\Desktop\sahayak-memory-main\sahayak-memory-companion-main\node_modules\@swc\core-linux-arm64-gnu
73 silly reify mark deleted [
73 silly reify   'D:\\Desktop\\sahayak-memory-main\\sahayak-memory-companion-main\\node_modules\\@swc\\core-linux-arm64-gnu'
73 silly reify ]
74 verbose reify failed optional dependency D:\Desktop\sahayak-memory-main\sahayak-memory-companion-main\node_modules\@swc\core-linux-arm-gnueabihf
75 silly reify mark deleted [
75 silly reify   'D:\\Desktop\\sahayak-memory-main\\sahayak-memory-companion-main\\node_modules\\@swc\\core-linux-arm-gnueabihf'
75 silly reify ]
76 verbose reify failed optional dependency D:\Desktop\sahayak-memory-main\sahayak-memory-companion-main\node_modules\@swc\core-darwin-x64
77 silly reify mark deleted [
77 silly reify   'D:\\Desktop\\sahayak-memory-main\\sahayak-memory-companion-main\\node_modules\\@swc\\core-darwin-x64'
77 silly reify ]
78 verbose reify failed optional dependency D:\Desktop\sahayak-memory-main\sahayak-memory-companion-main\node_modules\@swc\core-darwin-arm64
79 silly reify mark deleted [
79 silly reify   'D:\\Desktop\\sahayak-memory-main\\sahayak-memory-companion-main\\node_modules\\@swc\\core-darwin-arm64'
79 silly reify ]
80 verbose reify failed optional dependency D:\Desktop\sahayak-memory-main\sahayak-memory-companion-main\node_modules\@rollup\rollup-win32-ia32-msvc
81 silly reify mark deleted [
81 silly reify   'D:\\Desktop\\sahayak-memory-main\\sahayak-memory-companion-main\\node_modules\\@rollup\\rollup-win32-ia32-msvc'
81 silly reify ]
82 verbose reify failed optional dependency D:\Desktop\sahayak-memory-main\sahayak-memory-companion-main\node_modules\@rollup\rollup-win32-arm64-msvc
83 silly reify mark deleted [
83 silly reify   'D:\\Desktop\\sahayak-memory-main\\sahayak-memory-companion-main\\node_modules\\@rollup\\rollup-win32-arm64-msvc'
83 silly reify ]
84 verbose reify failed optional dependency D:\Desktop\sahayak-memory-main\sahayak-memory-companion-main\node_modules\@rollup\rollup-linux-x64-musl
85 silly reify mark deleted [
85 silly reify   'D:\\Desktop\\sahayak-memory-main\\sahayak-memory-companion-main\\node_modules\\@rollup\\rollup-linux-x64-musl'
85 silly reify ]
86 verbose reify failed optional dependency D:\Desktop\sahayak-memory-main\sahayak-memory-companion-main\node_modules\@rollup\rollup-linux-x64-gnu
87 silly reify mark deleted [
87 silly reify   'D:\\Desktop\\sahayak-memory-main\\sahayak-memory-companion-main\\node_modules\\@rollup\\rollup-linux-x64-gnu'
87 silly reify ]
88 verbose reify failed optional dependency D:\Desktop\sahayak-memory-main\sahayak-memory-companion-main\node_modules\@rollup\rollup-linux-s390x-gnu
89 silly reify mark deleted [
89 silly reify   'D:\\Desktop\\sahayak-memory-main\\sahayak-memory-companion-main\\node_modules\\@rollup\\rollup-linux-s390x-gnu'
89 silly reify ]
90 verbose reify failed optional dependency D:\Desktop\sahayak-memory-main\sahayak-memory-companion-main\node_modules\@rollup\rollup-linux-riscv64-gnu
91 silly reify mark deleted [
91 silly reify   'D:\\Desktop\\sahayak-memory-main\\sahayak-memory-companion-main\\node_modules\\@rollup\\rollup-linux-riscv64-gnu'
91 silly reify ]
92 verbose reify failed optional dependency D:\Desktop\sahayak-memory-main\sahayak-memory-companion-main\node_modules\@rollup\rollup-linux-powerpc64le-gnu
93 silly reify mark deleted [
93 silly reify   'D:\\Desktop\\sahayak-memory-main\\sahayak-memory-companion-main\\node_modules\\@rollup\\rollup-linux-powerpc64le-gnu'
93 silly reify ]
94 verbose reify failed optional dependency D:\Desktop\sahayak-memory-main\sahayak-memory-companion-main\node_modules\@rollup\rollup-linux-arm64-musl
95 silly reify mark deleted [
95 silly reify   'D:\\Desktop\\sahayak-memory-main\\sahayak-memory-companion-main\\node_modules\\@rollup\\rollup-linux-arm64-musl'
95 silly reify ]
96 verbose reify failed optional dependency D:\Desktop\sahayak-memory-main\sahayak-memory-companion-main\node_modules\@rollup\rollup-linux-arm64-gnu
97 silly reify mark deleted [
97 silly reify   'D:\\Desktop\\sahayak-memory-main\\sahayak-memory-companion-main\\node_modules\\@rollup\\rollup-linux-arm64-gnu'
97 silly reify ]
98 verbose reify failed optional dependency D:\Desktop\sahayak-memory-main\sahayak-memory-companion-main\node_modules\@rollup\rollup-linux-arm-musleabihf
99 silly reify mark deleted [
99 silly reify   'D:\\Desktop\\sahayak-memory-main\\sahayak-memory-companion-main\\node_modules\\@rollup\\rollup-linux-arm-musleabihf'
99 silly reify ]
100 verbose reify failed optional dependency D:\Desktop\sahayak-memory-main\sahayak-memory-companion-main\node_modules\@rollup\rollup-linux-arm-gnueabihf
101 silly reify mark deleted [
101 silly reify   'D:\\Desktop\\sahayak-memory-main\\sahayak-memory-companion-main\\node_modules\\@rollup\\rollup-linux-arm-gnueabihf'
101 silly reify ]
102 verbose reify failed optional dependency D:\Desktop\sahayak-memory-main\sahayak-memory-companion-main\node_modules\@rollup\rollup-darwin-x64
103 silly reify mark deleted [
103 silly reify   'D:\\Desktop\\sahayak-memory-main\\sahayak-memory-companion-main\\node_modules\\@rollup\\rollup-darwin-x64'
103 silly reify ]
104 verbose reify failed optional dependency D:\Desktop\sahayak-memory-main\sahayak-memory-companion-main\node_modules\@rollup\rollup-darwin-arm64
105 silly reify mark deleted [
105 silly reify   'D:\\Desktop\\sahayak-memory-main\\sahayak-memory-companion-main\\node_modules\\@rollup\\rollup-darwin-arm64'
105 silly reify ]
106 verbose reify failed optional dependency D:\Desktop\sahayak-memory-main\sahayak-memory-companion-main\node_modules\@rollup\rollup-android-arm64
107 silly reify mark deleted [
107 silly reify   'D:\\Desktop\\sahayak-memory-main\\sahayak-memory-companion-main\\node_modules\\@rollup\\rollup-android-arm64'
107 silly reify ]
108 verbose reify failed optional dependency D:\Desktop\sahayak-memory-main\sahayak-memory-companion-main\node_modules\@rollup\rollup-android-arm-eabi
109 silly reify mark deleted [
109 silly reify   'D:\\Desktop\\sahayak-memory-main\\sahayak-memory-companion-main\\node_modules\\@rollup\\rollup-android-arm-eabi'
109 silly reify ]
110 verbose reify failed optional dependency D:\Desktop\sahayak-memory-main\sahayak-memory-companion-main\node_modules\@esbuild\win32-ia32
111 silly reify mark deleted [
111 silly reify   'D:\\Desktop\\sahayak-memory-main\\sahayak-memory-companion-main\\node_modules\\@esbuild\\win32-ia32'
111 silly reify ]
112 verbose reify failed optional dependency D:\Desktop\sahayak-memory-main\sahayak-memory-companion-main\node_modules\@esbuild\win32-arm64
113 silly reify mark deleted [
113 silly reify   'D:\\Desktop\\sahayak-memory-main\\sahayak-memory-companion-main\\node_modules\\@esbuild\\win32-arm64'
113 silly reify ]
114 verbose reify failed optional dependency D:\Desktop\sahayak-memory-main\sahayak-memory-companion-main\node_modules\@esbuild\sunos-x64
115 silly reify mark deleted [
115 silly reify   'D:\\Desktop\\sahayak-memory-main\\sahayak-memory-companion-main\\node_modules\\@esbuild\\sunos-x64'
115 silly reify ]
116 verbose reify failed optional dependency D:\Desktop\sahayak-memory-main\sahayak-memory-companion-main\node_modules\@esbuild\openbsd-x64
117 silly reify mark deleted [
117 silly reify   'D:\\Desktop\\sahayak-memory-main\\sahayak-memory-companion-main\\node_modules\\@esbuild\\openbsd-x64'
117 silly reify ]
118 verbose reify failed optional dependency D:\Desktop\sahayak-memory-main\sahayak-memory-companion-main\node_modules\@esbuild\openbsd-arm64
119 silly reify mark deleted [
119 silly reify   'D:\\Desktop\\sahayak-memory-main\\sahayak-memory-companion-main\\node_modules\\@esbuild\\openbsd-arm64'
119 silly reify ]
120 verbose reify failed optional dependency D:\Desktop\sahayak-memory-main\sahayak-memory-companion-main\node_modules\@esbuild\netbsd-x64
121 silly reify mark deleted [
121 silly reify   'D:\\Desktop\\sahayak-memory-main\\sahayak-memory-companion-main\\node_modules\\@esbuild\\netbsd-x64'
121 silly reify ]
122 verbose reify failed optional dependency D:\Desktop\sahayak-memory-main\sahayak-memory-companion-main\node_modules\@esbuild\netbsd-arm64
123 silly reify mark deleted [
123 silly reify   'D:\\Desktop\\sahayak-memory-main\\sahayak-memory-companion-main\\node_modules\\@esbuild\\netbsd-arm64'
123 silly reify ]
124 verbose reify failed optional dependency D:\Desktop\sahayak-memory-main\sahayak-memory-companion-main\node_modules\@esbuild\linux-x64
125 silly reify mark deleted [
125 silly reify   'D:\\Desktop\\sahayak-memory-main\\sahayak-memory-companion-main\\node_modules\\@esbuild\\linux-x64'
125 silly reify ]
126 verbose reify failed optional dependency D:\Desktop\sahayak-memory-main\sahayak-memory-companion-main\node_modules\@esbuild\linux-s390x
127 silly reify mark deleted [
127 silly reify   'D:\\Desktop\\sahayak-memory-main\\sahayak-memory-companion-main\\node_modules\\@esbuild\\linux-s390x'
127 silly reify ]
128 verbose reify failed optional dependency D:\Desktop\sahayak-memory-main\sahayak-memory-companion-main\node_modules\@esbuild\linux-riscv64
129 silly reify mark deleted [
129 silly reify   'D:\\Desktop\\sahayak-memory-main\\sahayak-memory-companion-main\\node_modules\\@esbuild\\linux-riscv64'
129 silly reify ]
130 verbose reify failed optional dependency D:\Desktop\sahayak-memory-main\sahayak-memory-companion-main\node_modules\@esbuild\linux-ppc64
131 silly reify mark deleted [
131 silly reify   'D:\\Desktop\\sahayak-memory-main\\sahayak-memory-companion-main\\node_modules\\@esbuild\\linux-ppc64'
131 silly reify ]
132 verbose reify failed optional dependency D:\Desktop\sahayak-memory-main\sahayak-memory-companion-main\node_modules\@esbuild\linux-mips64el
133 silly reify mark deleted [
133 silly reify   'D:\\Desktop\\sahayak-memory-main\\sahayak-memory-companion-main\\node_modules\\@esbuild\\linux-mips64el'
133 silly reify ]
134 verbose reify failed optional dependency D:\Desktop\sahayak-memory-main\sahayak-memory-companion-main\node_modules\@esbuild\linux-loong64
135 silly reify mark deleted [
135 silly reify   'D:\\Desktop\\sahayak-memory-main\\sahayak-memory-companion-main\\node_modules\\@esbuild\\linux-loong64'
135 silly reify ]
136 verbose reify failed optional dependency D:\Desktop\sahayak-memory-main\sahayak-memory-companion-main\node_modules\@esbuild\linux-ia32
137 silly reify mark deleted [
137 silly reify   'D:\\Desktop\\sahayak-memory-main\\sahayak-memory-companion-main\\node_modules\\@esbuild\\linux-ia32'
137 silly reify ]
138 verbose reify failed optional dependency D:\Desktop\sahayak-memory-main\sahayak-memory-companion-main\node_modules\@esbuild\linux-arm64
139 silly reify mark deleted [
139 silly reify   'D:\\Desktop\\sahayak-memory-main\\sahayak-memory-companion-main\\node_modules\\@esbuild\\linux-arm64'
139 silly reify ]
140 verbose reify failed optional dependency D:\Desktop\sahayak-memory-main\sahayak-memory-companion-main\node_modules\@esbuild\linux-arm
141 silly reify mark deleted [
141 silly reify   'D:\\Desktop\\sahayak-memory-main\\sahayak-memory-companion-main\\node_modules\\@esbuild\\linux-arm'
141 silly reify ]
142 verbose reify failed optional dependency D:\Desktop\sahayak-memory-main\sahayak-memory-companion-main\node_modules\@esbuild\freebsd-x64
143 silly reify mark deleted [
143 silly reify   'D:\\Desktop\\sahayak-memory-main\\sahayak-memory-companion-main\\node_modules\\@esbuild\\freebsd-x64'
143 silly reify ]
144 verbose reify failed optional dependency D:\Desktop\sahayak-memory-main\sahayak-memory-companion-main\node_modules\@esbuild\freebsd-arm64
145 silly reify mark deleted [
145 silly reify   'D:\\Desktop\\sahayak-memory-main\\sahayak-memory-companion-main\\node_modules\\@esbuild\\freebsd-arm64'
145 silly reify ]
146 verbose reify failed optional dependency D:\Desktop\sahayak-memory-main\sahayak-memory-companion-main\node_modules\@esbuild\darwin-x64
147 silly reify mark deleted [
147 silly reify   'D:\\Desktop\\sahayak-memory-main\\sahayak-memory-companion-main\\node_modules\\@esbuild\\darwin-x64'
147 silly reify ]
148 verbose reify failed optional dependency D:\Desktop\sahayak-memory-main\sahayak-memory-companion-main\node_modules\@esbuild\darwin-arm64
149 silly reify mark deleted [
149 silly reify   'D:\\Desktop\\sahayak-memory-main\\sahayak-memory-companion-main\\node_modules\\@esbuild\\darwin-arm64'
149 silly reify ]
150 verbose reify failed optional dependency D:\Desktop\sahayak-memory-main\sahayak-memory-companion-main\node_modules\@esbuild\android-x64
151 silly reify mark deleted [
151 silly reify   'D:\\Desktop\\sahayak-memory-main\\sahayak-memory-companion-main\\node_modules\\@esbuild\\android-x64'
151 silly reify ]
152 verbose reify failed optional dependency D:\Desktop\sahayak-memory-main\sahayak-memory-companion-main\node_modules\@esbuild\android-arm64
153 silly reify mark deleted [
153 silly reify   'D:\\Desktop\\sahayak-memory-main\\sahayak-memory-companion-main\\node_modules\\@esbuild\\android-arm64'
153 silly reify ]
154 verbose reify failed optional dependency D:\Desktop\sahayak-memory-main\sahayak-memory-companion-main\node_modules\@esbuild\android-arm
155 silly reify mark deleted [
155 silly reify   'D:\\Desktop\\sahayak-memory-main\\sahayak-memory-companion-main\\node_modules\\@esbuild\\android-arm'
155 silly reify ]
156 verbose reify failed optional dependency D:\Desktop\sahayak-memory-main\sahayak-memory-companion-main\node_modules\@esbuild\aix-ppc64
157 silly reify mark deleted [
157 silly reify   'D:\\Desktop\\sahayak-memory-main\\sahayak-memory-companion-main\\node_modules\\@esbuild\\aix-ppc64'
157 silly reify ]
158 http cache zod@https://registry.npmjs.org/zod/-/zod-3.25.76.tgz 1ms (cache hit)
159 http cache wrap-ansi@https://registry.npmjs.org/wrap-ansi/-/wrap-ansi-8.1.0.tgz 0ms (cache hit)
160 http cache yaml@https://registry.npmjs.org/yaml/-/yaml-2.6.0.tgz 0ms (cache hit)
161 http cache which@https://registry.npmjs.org/which/-/which-2.0.2.tgz 0ms (cache hit)
162 http cache wrap-ansi-cjs@https://registry.npmjs.org/wrap-ansi/-/wrap-ansi-7.0.0.tgz 0ms (cache hit)
163 http cache vite@https://registry.npmjs.org/vite/-/vite-5.4.19.tgz 0ms (cache hit)
164 http cache word-wrap@https://registry.npmjs.org/word-wrap/-/word-wrap-1.2.5.tgz 0ms (cache hit)
165 http cache victory-vendor@https://registry.npmjs.org/victory-vendor/-/victory-vendor-36.9.2.tgz 0ms (cache hit)
166 http cache vaul@https://registry.npmjs.org/vaul/-/vaul-0.9.9.tgz 0ms (cache hit)
167 http cache yocto-queue@https://registry.npmjs.org/yocto-queue/-/yocto-queue-0.1.0.tgz 0ms (cache hit)
168 http cache use-sync-external-store@https://registry.npmjs.org/use-sync-external-store/-/use-sync-external-store-1.5.0.tgz 0ms (cache hit)
169 http cache use-sidecar@https://registry.npmjs.org/use-sidecar/-/use-sidecar-1.1.3.tgz 0ms (cache hit)
170 http cache util-deprecate@https://registry.npmjs.org/util-deprecate/-/util-deprecate-1.0.2.tgz 0ms (cache hit)
171 http cache uri-js@https://registry.npmjs.org/uri-js/-/uri-js-4.4.1.tgz 0ms (cache hit)
172 http cache undici-types@https://registry.npmjs.org/undici-types/-/undici-types-6.21.0.tgz 0ms (cache hit)
173 http cache typescript@https://registry.npmjs.org/typescript/-/typescript-5.8.3.tgz 0ms (cache hit)
174 http cache use-callback-ref@https://registry.npmjs.org/use-callback-ref/-/use-callback-ref-1.3.3.tgz 0ms (cache hit)
175 http cache typescript-eslint@https://registry.npmjs.org/typescript-eslint/-/typescript-eslint-8.38.0.tgz 0ms (cache hit)
176 http cache type-check@https://registry.npmjs.org/type-check/-/type-check-0.4.0.tgz 0ms (cache hit)
177 http cache ts-interface-checker@https://registry.npmjs.org/ts-interface-checker/-/ts-interface-checker-0.1.13.tgz 0ms (cache hit)
178 http cache tslib@https://registry.npmjs.org/tslib/-/tslib-2.8.0.tgz 0ms (cache hit)
179 http cache ts-api-utils@https://registry.npmjs.org/ts-api-utils/-/ts-api-utils-2.1.0.tgz 0ms (cache hit)
180 http cache to-regex-range@https://registry.npmjs.org/to-regex-range/-/to-regex-range-5.0.1.tgz 0ms (cache hit)
181 http cache thenify@https://registry.npmjs.org/thenify/-/thenify-3.3.1.tgz 0ms (cache hit)
182 http cache tiny-invariant@https://registry.npmjs.org/tiny-invariant/-/tiny-invariant-1.3.3.tgz 0ms (cache hit)
183 http cache thenify-all@https://registry.npmjs.org/thenify-all/-/thenify-all-1.6.0.tgz 0ms (cache hit)
184 http cache tailwindcss-animate@https://registry.npmjs.org/tailwindcss-animate/-/tailwindcss-animate-1.0.7.tgz 0ms (cache hit)
185 http cache tailwindcss@https://registry.npmjs.org/tailwindcss/-/tailwindcss-3.4.17.tgz 0ms (cache hit)
186 http cache tailwind-merge@https://registry.npmjs.org/tailwind-merge/-/tailwind-merge-2.6.0.tgz 0ms (cache hit)
187 http cache sucrase@https://registry.npmjs.org/sucrase/-/sucrase-3.35.0.tgz 0ms (cache hit)
188 http cache supports-color@https://registry.npmjs.org/supports-color/-/supports-color-7.2.0.tgz 0ms (cache hit)
189 http cache strip-json-comments@https://registry.npmjs.org/strip-json-comments/-/strip-json-comments-3.1.1.tgz 0ms (cache hit)
190 http cache string-width-cjs@https://registry.npmjs.org/string-width/-/string-width-4.2.3.tgz 0ms (cache hit)
191 http cache update-browserslist-db@https://registry.npmjs.org/update-browserslist-db/-/update-browserslist-db-1.1.3.tgz 0ms (cache hit)
192 http cache strip-ansi-cjs@https://registry.npmjs.org/strip-ansi/-/strip-ansi-6.0.1.tgz 0ms (cache hit)
193 http cache string-width@https://registry.npmjs.org/string-width/-/string-width-5.1.2.tgz 0ms (cache hit)
194 http cache source-map-js@https://registry.npmjs.org/source-map-js/-/source-map-js-1.2.1.tgz 0ms (cache hit)
195 http cache sonner@https://registry.npmjs.org/sonner/-/sonner-1.7.4.tgz 0ms (cache hit)
196 http cache strip-ansi@https://registry.npmjs.org/strip-ansi/-/strip-ansi-7.1.0.tgz 0ms (cache hit)
197 http cache shebang-regex@https://registry.npmjs.org/shebang-regex/-/shebang-regex-3.0.0.tgz 0ms (cache hit)
198 http cache supports-preserve-symlinks-flag@https://registry.npmjs.org/supports-preserve-symlinks-flag/-/supports-preserve-symlinks-flag-1.0.0.tgz 0ms (cache hit)
199 http cache semver@https://registry.npmjs.org/semver/-/semver-7.7.2.tgz 0ms (cache hit)
200 http cache run-parallel@https://registry.npmjs.org/run-parallel/-/run-parallel-1.2.0.tgz 0ms (cache hit)
201 http cache shebang-command@https://registry.npmjs.org/shebang-command/-/shebang-command-2.0.0.tgz 0ms (cache hit)
202 http cache reusify@https://registry.npmjs.org/reusify/-/reusify-1.0.4.tgz 0ms (cache hit)
203 http cache rollup@https://registry.npmjs.org/rollup/-/rollup-4.24.0.tgz 0ms (cache hit)
204 http cache resolve-from@https://registry.npmjs.org/resolve-from/-/resolve-from-4.0.0.tgz 0ms (cache hit)
205 http cache resolve@https://registry.npmjs.org/resolve/-/resolve-1.22.8.tgz 0ms (cache hit)
206 http cache readdirp@https://registry.npmjs.org/readdirp/-/readdirp-3.6.0.tgz 0ms (cache hit)
207 http cache recharts@https://registry.npmjs.org/recharts/-/recharts-2.15.4.tgz 0ms (cache hit)
208 http cache read-cache@https://registry.npmjs.org/read-cache/-/read-cache-1.0.0.tgz 0ms (cache hit)
209 http cache recharts-scale@https://registry.npmjs.org/recharts-scale/-/recharts-scale-0.4.5.tgz 0ms (cache hit)
210 http cache react-transition-group@https://registry.npmjs.org/react-transition-group/-/react-transition-group-4.4.5.tgz 0ms (cache hit)
211 http cache signal-exit@https://registry.npmjs.org/signal-exit/-/signal-exit-4.1.0.tgz 0ms (cache hit)
212 http cache react-style-singleton@https://registry.npmjs.org/react-style-singleton/-/react-style-singleton-2.2.3.tgz 0ms (cache hit)
213 http cache react-smooth@https://registry.npmjs.org/react-smooth/-/react-smooth-4.0.4.tgz 0ms (cache hit)
214 http cache react-remove-scroll@https://registry.npmjs.org/react-remove-scroll/-/react-remove-scroll-2.7.1.tgz 0ms (cache hit)
215 http cache react-router-dom@https://registry.npmjs.org/react-router-dom/-/react-router-dom-6.30.1.tgz 0ms (cache hit)
216 http cache react-is@https://registry.npmjs.org/react-is/-/react-is-18.3.1.tgz 0ms (cache hit)
217 http cache react-remove-scroll-bar@https://registry.npmjs.org/react-remove-scroll-bar/-/react-remove-scroll-bar-2.3.8.tgz 0ms (cache hit)
218 http cache react-resizable-panels@https://registry.npmjs.org/react-resizable-panels/-/react-resizable-panels-2.1.9.tgz 0ms (cache hit)
219 http cache react-dom@https://registry.npmjs.org/react-dom/-/react-dom-18.3.1.tgz 0ms (cache hit)
220 http cache react-hook-form@https://registry.npmjs.org/react-hook-form/-/react-hook-form-7.61.1.tgz 0ms (cache hit)
221 http cache react-day-picker@https://registry.npmjs.org/react-day-picker/-/react-day-picker-8.10.1.tgz 0ms (cache hit)
222 http cache react@https://registry.npmjs.org/react/-/react-18.3.1.tgz 0ms (cache hit)
223 http cache queue-microtask@https://registry.npmjs.org/queue-microtask/-/queue-microtask-1.2.3.tgz 0ms (cache hit)
224 http cache scheduler@https://registry.npmjs.org/scheduler/-/scheduler-0.23.2.tgz 0ms (cache hit)
225 http cache punycode@https://registry.npmjs.org/punycode/-/punycode-2.3.1.tgz 0ms (cache hit)
226 http cache prelude-ls@https://registry.npmjs.org/prelude-ls/-/prelude-ls-1.2.1.tgz 0ms (cache hit)
227 http cache prop-types@https://registry.npmjs.org/prop-types/-/prop-types-15.8.1.tgz 0ms (cache hit)
228 http cache postcss-selector-parser@https://registry.npmjs.org/postcss-selector-parser/-/postcss-selector-parser-6.1.2.tgz 0ms (cache hit)
229 http cache postcss-value-parser@https://registry.npmjs.org/postcss-value-parser/-/postcss-value-parser-4.2.0.tgz 0ms (cache hit)
230 http cache postcss-nested@https://registry.npmjs.org/postcss-nested/-/postcss-nested-6.2.0.tgz 0ms (cache hit)
231 http cache postcss-js@https://registry.npmjs.org/postcss-js/-/postcss-js-4.0.1.tgz 0ms (cache hit)
232 http cache postcss@https://registry.npmjs.org/postcss/-/postcss-8.5.6.tgz 0ms (cache hit)
233 http cache react-router@https://registry.npmjs.org/react-router/-/react-router-6.30.1.tgz 0ms (cache hit)
234 http cache postcss-import@https://registry.npmjs.org/postcss-import/-/postcss-import-15.1.0.tgz 0ms (cache hit)
235 http cache picocolors@https://registry.npmjs.org/picocolors/-/picocolors-1.1.1.tgz 0ms (cache hit)
236 http cache path-scurry@https://registry.npmjs.org/path-scurry/-/path-scurry-1.11.1.tgz 0ms (cache hit)
237 http cache pify@https://registry.npmjs.org/pify/-/pify-2.3.0.tgz 0ms (cache hit)
238 http cache path-parse@https://registry.npmjs.org/path-parse/-/path-parse-1.0.7.tgz 0ms (cache hit)
239 http cache picomatch@https://registry.npmjs.org/picomatch/-/picomatch-2.3.1.tgz 0ms (cache hit)
240 http cache path-key@https://registry.npmjs.org/path-key/-/path-key-3.1.1.tgz 0ms (cache hit)
241 http cache parent-module@https://registry.npmjs.org/parent-module/-/parent-module-1.0.1.tgz 0ms (cache hit)
242 http cache path-exists@https://registry.npmjs.org/path-exists/-/path-exists-4.0.0.tgz 0ms (cache hit)
243 http cache package-json-from-dist@https://registry.npmjs.org/package-json-from-dist/-/package-json-from-dist-1.0.1.tgz 0ms (cache hit)
244 http cache p-locate@https://registry.npmjs.org/p-locate/-/p-locate-5.0.0.tgz 0ms (cache hit)
245 http cache object-hash@https://registry.npmjs.org/object-hash/-/object-hash-3.0.0.tgz 0ms (cache hit)
246 http cache optionator@https://registry.npmjs.org/optionator/-/optionator-0.9.4.tgz 0ms (cache hit)
247 http cache p-limit@https://registry.npmjs.org/p-limit/-/p-limit-3.1.0.tgz 0ms (cache hit)
248 http cache normalize-path@https://registry.npmjs.org/normalize-path/-/normalize-path-3.0.0.tgz 0ms (cache hit)
249 http cache object-assign@https://registry.npmjs.org/object-assign/-/object-assign-4.1.1.tgz 0ms (cache hit)
250 http cache next-themes@https://registry.npmjs.org/next-themes/-/next-themes-0.3.0.tgz 0ms (cache hit)
251 http cache node-releases@https://registry.npmjs.org/node-releases/-/node-releases-2.0.19.tgz 0ms (cache hit)
252 http cache normalize-range@https://registry.npmjs.org/normalize-range/-/normalize-range-0.1.2.tgz 0ms (cache hit)
253 http cache natural-compare@https://registry.npmjs.org/natural-compare/-/natural-compare-1.4.0.tgz 0ms (cache hit)
254 http cache nanoid@https://registry.npmjs.org/nanoid/-/nanoid-3.3.11.tgz 0ms (cache hit)
255 http cache mz@https://registry.npmjs.org/mz/-/mz-2.7.0.tgz 0ms (cache hit)
256 http cache ms@https://registry.npmjs.org/ms/-/ms-2.1.3.tgz 0ms (cache hit)
257 http cache postcss-load-config@https://registry.npmjs.org/postcss-load-config/-/postcss-load-config-4.0.2.tgz 0ms (cache hit)
258 http cache motion-utils@https://registry.npmjs.org/motion-utils/-/motion-utils-12.24.10.tgz 0ms (cache hit)
259 http cache minipass@https://registry.npmjs.org/minipass/-/minipass-7.1.2.tgz 0ms (cache hit)
260 http cache minimatch@https://registry.npmjs.org/minimatch/-/minimatch-3.1.2.tgz 0ms (cache hit)
261 http cache micromatch@https://registry.npmjs.org/micromatch/-/micromatch-4.0.8.tgz 0ms (cache hit)
262 http cache motion-dom@https://registry.npmjs.org/motion-dom/-/motion-dom-12.24.11.tgz 0ms (cache hit)
263 http cache merge2@https://registry.npmjs.org/merge2/-/merge2-1.4.1.tgz 0ms (cache hit)
264 http cache lucide-react@https://registry.npmjs.org/lucide-react/-/lucide-react-0.462.0.tgz 0ms (cache hit)
265 http cache lovable-tagger@https://registry.npmjs.org/lovable-tagger/-/lovable-tagger-1.1.13.tgz 0ms (cache hit)
266 http cache loose-envify@https://registry.npmjs.org/loose-envify/-/loose-envify-1.4.0.tgz 0ms (cache hit)
267 http cache lodash.castarray@https://registry.npmjs.org/lodash.castarray/-/lodash.castarray-4.4.0.tgz 0ms (cache hit)
268 http cache lodash.merge@https://registry.npmjs.org/lodash.merge/-/lodash.merge-4.6.2.tgz 0ms (cache hit)
269 http cache locate-path@https://registry.npmjs.org/locate-path/-/locate-path-6.0.0.tgz 0ms (cache hit)
270 http cache lru-cache@https://registry.npmjs.org/lru-cache/-/lru-cache-10.4.3.tgz 0ms (cache hit)
271 http cache lodash@https://registry.npmjs.org/lodash/-/lodash-4.17.21.tgz 0ms (cache hit)
272 http cache lilconfig@https://registry.npmjs.org/lilconfig/-/lilconfig-3.1.3.tgz 0ms (cache hit)
273 http cache lines-and-columns@https://registry.npmjs.org/lines-and-columns/-/lines-and-columns-1.2.4.tgz 0ms (cache hit)
274 http cache levn@https://registry.npmjs.org/levn/-/levn-0.4.1.tgz 0ms (cache hit)
275 http cache keyv@https://registry.npmjs.org/keyv/-/keyv-4.5.4.tgz 0ms (cache hit)
276 http cache json-stable-stringify-without-jsonify@https://registry.npmjs.org/json-stable-stringify-without-jsonify/-/json-stable-stringify-without-jsonify-1.0.1.tgz 0ms (cache hit)
277 http cache json-schema-traverse@https://registry.npmjs.org/json-schema-traverse/-/json-schema-traverse-0.4.1.tgz 0ms (cache hit)
278 http cache json-buffer@https://registry.npmjs.org/json-buffer/-/json-buffer-3.0.1.tgz 0ms (cache hit)
279 http cache js-yaml@https://registry.npmjs.org/js-yaml/-/js-yaml-4.1.0.tgz 0ms (cache hit)
280 http cache js-tokens@https://registry.npmjs.org/js-tokens/-/js-tokens-4.0.0.tgz 0ms (cache hit)
281 http cache jiti@https://registry.npmjs.org/jiti/-/jiti-1.21.6.tgz 0ms (cache hit)
282 http cache jackspeak@https://registry.npmjs.org/jackspeak/-/jackspeak-3.4.3.tgz 0ms (cache hit)
283 http cache isexe@https://registry.npmjs.org/isexe/-/isexe-2.0.0.tgz 0ms (cache hit)
284 http cache is-number@https://registry.npmjs.org/is-number/-/is-number-7.0.0.tgz 0ms (cache hit)
285 http cache is-glob@https://registry.npmjs.org/is-glob/-/is-glob-4.0.3.tgz 0ms (cache hit)
286 http cache is-fullwidth-code-point@https://registry.npmjs.org/is-fullwidth-code-point/-/is-fullwidth-code-point-3.0.0.tgz 0ms (cache hit)
287 http cache is-extglob@https://registry.npmjs.org/is-extglob/-/is-extglob-2.1.1.tgz 0ms (cache hit)
288 http cache is-core-module@https://registry.npmjs.org/is-core-module/-/is-core-module-2.15.1.tgz 0ms (cache hit)
289 http cache pirates@https://registry.npmjs.org/pirates/-/pirates-4.0.6.tgz 0ms (cache hit)
290 http cache is-binary-path@https://registry.npmjs.org/is-binary-path/-/is-binary-path-2.1.0.tgz 0ms (cache hit)
291 http cache internmap@https://registry.npmjs.org/internmap/-/internmap-2.0.3.tgz 0ms (cache hit)
292 http cache input-otp@https://registry.npmjs.org/input-otp/-/input-otp-1.4.2.tgz 0ms (cache hit)
293 http cache import-fresh@https://registry.npmjs.org/import-fresh/-/import-fresh-3.3.1.tgz 0ms (cache hit)
294 http cache imurmurhash@https://registry.npmjs.org/imurmurhash/-/imurmurhash-0.1.4.tgz 0ms (cache hit)
295 http cache ignore@https://registry.npmjs.org/ignore/-/ignore-5.3.2.tgz 0ms (cache hit)
296 http cache idb@https://registry.npmjs.org/idb/-/idb-8.0.3.tgz 0ms (cache hit)
297 http cache globals@https://registry.npmjs.org/globals/-/globals-15.15.0.tgz 0ms (cache hit)
298 http cache has-flag@https://registry.npmjs.org/has-flag/-/has-flag-4.0.0.tgz 0ms (cache hit)
299 http cache glob-parent@https://registry.npmjs.org/glob-parent/-/glob-parent-6.0.2.tgz 0ms (cache hit)
300 http cache graphemer@https://registry.npmjs.org/graphemer/-/graphemer-1.4.0.tgz 0ms (cache hit)
301 http cache glob@https://registry.npmjs.org/glob/-/glob-10.4.5.tgz 0ms (cache hit)
302 http cache get-nonce@https://registry.npmjs.org/get-nonce/-/get-nonce-1.0.1.tgz 0ms (cache hit)
303 http cache hasown@https://registry.npmjs.org/hasown/-/hasown-2.0.2.tgz 0ms (cache hit)
304 http cache fraction.js@https://registry.npmjs.org/fraction.js/-/fraction.js-4.3.7.tgz 0ms (cache hit)
305 http cache framer-motion@https://registry.npmjs.org/framer-motion/-/framer-motion-12.25.0.tgz 0ms (cache hit)
306 http cache lodash.isplainobject@https://registry.npmjs.org/lodash.isplainobject/-/lodash.isplainobject-4.0.6.tgz 0ms (cache hit)
307 http cache function-bind@https://registry.npmjs.org/function-bind/-/function-bind-1.1.2.tgz 0ms (cache hit)
308 http cache foreground-child@https://registry.npmjs.org/foreground-child/-/foreground-child-3.3.0.tgz 0ms (cache hit)
309 http cache find-up@https://registry.npmjs.org/find-up/-/find-up-5.0.0.tgz 0ms (cache hit)
310 http cache flatted@https://registry.npmjs.org/flatted/-/flatted-3.3.1.tgz 0ms (cache hit)
311 http cache fill-range@https://registry.npmjs.org/fill-range/-/fill-range-7.1.1.tgz 0ms (cache hit)
312 http cache fastq@https://registry.npmjs.org/fastq/-/fastq-1.17.1.tgz 0ms (cache hit)
313 http cache file-entry-cache@https://registry.npmjs.org/file-entry-cache/-/file-entry-cache-8.0.0.tgz 0ms (cache hit)
314 http cache fast-equals@https://registry.npmjs.org/fast-equals/-/fast-equals-5.2.2.tgz 0ms (cache hit)
315 http cache fast-levenshtein@https://registry.npmjs.org/fast-levenshtein/-/fast-levenshtein-2.0.6.tgz 0ms (cache hit)
316 http cache fast-json-stable-stringify@https://registry.npmjs.org/fast-json-stable-stringify/-/fast-json-stable-stringify-2.1.0.tgz 0ms (cache hit)
317 http cache fast-glob@https://registry.npmjs.org/fast-glob/-/fast-glob-3.3.2.tgz 0ms (cache hit)
318 http cache eventemitter3@https://registry.npmjs.org/eventemitter3/-/eventemitter3-4.0.7.tgz 0ms (cache hit)
319 http cache esutils@https://registry.npmjs.org/esutils/-/esutils-2.0.3.tgz 0ms (cache hit)
320 http cache estraverse@https://registry.npmjs.org/estraverse/-/estraverse-5.3.0.tgz 0ms (cache hit)
321 http cache esrecurse@https://registry.npmjs.org/esrecurse/-/esrecurse-4.3.0.tgz 0ms (cache hit)
322 http cache esquery@https://registry.npmjs.org/esquery/-/esquery-1.6.0.tgz 0ms (cache hit)
323 http cache espree@https://registry.npmjs.org/espree/-/espree-10.4.0.tgz 0ms (cache hit)
324 http cache eslint-visitor-keys@https://registry.npmjs.org/eslint-visitor-keys/-/eslint-visitor-keys-4.2.1.tgz 0ms (cache hit)
325 http cache fast-deep-equal@https://registry.npmjs.org/fast-deep-equal/-/fast-deep-equal-3.1.3.tgz 0ms (cache hit)
326 http cache eslint-scope@https://registry.npmjs.org/eslint-scope/-/eslint-scope-8.4.0.tgz 0ms (cache hit)
327 http cache escalade@https://registry.npmjs.org/escalade/-/escalade-3.2.0.tgz 0ms (cache hit)
328 http cache eslint-plugin-react-hooks@https://registry.npmjs.org/eslint-plugin-react-hooks/-/eslint-plugin-react-hooks-5.2.0.tgz 0ms (cache hit)
329 http cache eslint@https://registry.npmjs.org/eslint/-/eslint-9.32.0.tgz 0ms (cache hit)
330 http cache escape-string-regexp@https://registry.npmjs.org/escape-string-regexp/-/escape-string-regexp-4.0.0.tgz 0ms (cache hit)
331 http cache esbuild@https://registry.npmjs.org/esbuild/-/esbuild-0.21.5.tgz 0ms (cache hit)
332 http cache emoji-regex@https://registry.npmjs.org/emoji-regex/-/emoji-regex-9.2.2.tgz 0ms (cache hit)
333 http cache embla-carousel-react@https://registry.npmjs.org/embla-carousel-react/-/embla-carousel-react-8.6.0.tgz 0ms (cache hit)
334 http cache embla-carousel-reactive-utils@https://registry.npmjs.org/embla-carousel-reactive-utils/-/embla-carousel-reactive-utils-8.6.0.tgz 0ms (cache hit)
335 http cache embla-carousel@https://registry.npmjs.org/embla-carousel/-/embla-carousel-8.6.0.tgz 0ms (cache hit)
336 http cache electron-to-chromium@https://registry.npmjs.org/electron-to-chromium/-/electron-to-chromium-1.5.192.tgz 0ms (cache hit)
337 http cache dom-helpers@https://registry.npmjs.org/dom-helpers/-/dom-helpers-5.2.1.tgz 0ms (cache hit)
338 http cache didyoumean@https://registry.npmjs.org/didyoumean/-/didyoumean-1.2.2.tgz 0ms (cache hit)
339 http cache flat-cache@https://registry.npmjs.org/flat-cache/-/flat-cache-4.0.1.tgz 0ms (cache hit)
340 http cache dlv@https://registry.npmjs.org/dlv/-/dlv-1.1.3.tgz 0ms (cache hit)
341 http cache detect-node-es@https://registry.npmjs.org/detect-node-es/-/detect-node-es-1.1.0.tgz 0ms (cache hit)
342 http cache deep-is@https://registry.npmjs.org/deep-is/-/deep-is-0.1.4.tgz 0ms (cache hit)
343 http cache decimal.js-light@https://registry.npmjs.org/decimal.js-light/-/decimal.js-light-2.5.1.tgz 0ms (cache hit)
344 http cache d3-timer@https://registry.npmjs.org/d3-timer/-/d3-timer-3.0.1.tgz 0ms (cache hit)
345 http cache debug@https://registry.npmjs.org/debug/-/debug-4.3.7.tgz 0ms (cache hit)
346 http cache date-fns@https://registry.npmjs.org/date-fns/-/date-fns-3.6.0.tgz 0ms (cache hit)
347 http cache d3-time-format@https://registry.npmjs.org/d3-time-format/-/d3-time-format-4.1.0.tgz 0ms (cache hit)
348 http cache d3-time@https://registry.npmjs.org/d3-time/-/d3-time-3.1.0.tgz 0ms (cache hit)
349 http cache d3-path@https://registry.npmjs.org/d3-path/-/d3-path-3.1.0.tgz 0ms (cache hit)
350 http cache d3-shape@https://registry.npmjs.org/d3-shape/-/d3-shape-3.2.0.tgz 0ms (cache hit)
351 http cache eslint-plugin-react-refresh@https://registry.npmjs.org/eslint-plugin-react-refresh/-/eslint-plugin-react-refresh-0.4.20.tgz 0ms (cache hit)
352 http cache d3-scale@https://registry.npmjs.org/d3-scale/-/d3-scale-4.0.2.tgz 0ms (cache hit)
353 http cache d3-ease@https://registry.npmjs.org/d3-ease/-/d3-ease-3.0.1.tgz 0ms (cache hit)
354 http cache d3-color@https://registry.npmjs.org/d3-color/-/d3-color-3.1.0.tgz 0ms (cache hit)
355 http cache d3-format@https://registry.npmjs.org/d3-format/-/d3-format-3.1.0.tgz 0ms (cache hit)
356 http cache d3-array@https://registry.npmjs.org/d3-array/-/d3-array-3.2.4.tgz 0ms (cache hit)
357 http cache cssesc@https://registry.npmjs.org/cssesc/-/cssesc-3.0.0.tgz 0ms (cache hit)
358 http cache eastasianwidth@https://registry.npmjs.org/eastasianwidth/-/eastasianwidth-0.2.0.tgz 0ms (cache hit)
359 http cache csstype@https://registry.npmjs.org/csstype/-/csstype-3.1.3.tgz 0ms (cache hit)
360 http cache cross-spawn@https://registry.npmjs.org/cross-spawn/-/cross-spawn-7.0.6.tgz 0ms (cache hit)
361 http cache color-name@https://registry.npmjs.org/color-name/-/color-name-1.1.4.tgz 0ms (cache hit)
362 http cache commander@https://registry.npmjs.org/commander/-/commander-4.1.1.tgz 0ms (cache hit)
363 http cache concat-map@https://registry.npmjs.org/concat-map/-/concat-map-0.0.1.tgz 0ms (cache hit)
364 http cache color-convert@https://registry.npmjs.org/color-convert/-/color-convert-2.0.1.tgz 0ms (cache hit)
365 http cache cmdk@https://registry.npmjs.org/cmdk/-/cmdk-1.1.1.tgz 0ms (cache hit)
366 http cache clsx@https://registry.npmjs.org/clsx/-/clsx-2.1.1.tgz 0ms (cache hit)
367 http cache class-variance-authority@https://registry.npmjs.org/class-variance-authority/-/class-variance-authority-0.7.1.tgz 0ms (cache hit)
368 http cache chalk@https://registry.npmjs.org/chalk/-/chalk-4.1.2.tgz 0ms (cache hit)
369 http cache chokidar@https://registry.npmjs.org/chokidar/-/chokidar-3.6.0.tgz 0ms (cache hit)
370 http cache camelcase-css@https://registry.npmjs.org/camelcase-css/-/camelcase-css-2.0.1.tgz 0ms (cache hit)
371 http cache callsites@https://registry.npmjs.org/callsites/-/callsites-3.1.0.tgz 0ms (cache hit)
372 http cache d3-interpolate@https://registry.npmjs.org/d3-interpolate/-/d3-interpolate-3.0.1.tgz 0ms (cache hit)
373 http cache browserslist@https://registry.npmjs.org/browserslist/-/browserslist-4.25.1.tgz 1ms (cache hit)
374 http cache brace-expansion@https://registry.npmjs.org/brace-expansion/-/brace-expansion-1.1.12.tgz 0ms (cache hit)
375 http cache balanced-match@https://registry.npmjs.org/balanced-match/-/balanced-match-1.0.2.tgz 0ms (cache hit)
376 http cache binary-extensions@https://registry.npmjs.org/binary-extensions/-/binary-extensions-2.3.0.tgz 0ms (cache hit)
377 http cache autoprefixer@https://registry.npmjs.org/autoprefixer/-/autoprefixer-10.4.21.tgz 0ms (cache hit)
378 http cache aria-hidden@https://registry.npmjs.org/aria-hidden/-/aria-hidden-1.2.4.tgz 0ms (cache hit)
379 http cache argparse@https://registry.npmjs.org/argparse/-/argparse-2.0.1.tgz 0ms (cache hit)
380 http cache arg@https://registry.npmjs.org/arg/-/arg-5.0.2.tgz 0ms (cache hit)
381 http cache anymatch@https://registry.npmjs.org/anymatch/-/anymatch-3.1.3.tgz 0ms (cache hit)
382 http cache any-promise@https://registry.npmjs.org/any-promise/-/any-promise-1.3.0.tgz 0ms (cache hit)
383 http cache braces@https://registry.npmjs.org/braces/-/braces-3.0.3.tgz 0ms (cache hit)
384 http cache ansi-styles@https://registry.npmjs.org/ansi-styles/-/ansi-styles-4.3.0.tgz 0ms (cache hit)
385 http cache caniuse-lite@https://registry.npmjs.org/caniuse-lite/-/caniuse-lite-1.0.30001727.tgz 0ms (cache hit)
386 http cache ansi-regex@https://registry.npmjs.org/ansi-regex/-/ansi-regex-6.1.0.tgz 0ms (cache hit)
387 http cache acorn-jsx@https://registry.npmjs.org/acorn-jsx/-/acorn-jsx-5.3.2.tgz 0ms (cache hit)
388 http cache ajv@https://registry.npmjs.org/ajv/-/ajv-6.12.6.tgz 0ms (cache hit)
389 http cache acorn@https://registry.npmjs.org/acorn/-/acorn-8.15.0.tgz 0ms (cache hit)
390 http cache @typescript-eslint/types@https://registry.npmjs.org/@typescript-eslint/types/-/types-8.38.0.tgz 0ms (cache hit)
391 http cache @typescript-eslint/visitor-keys@https://registry.npmjs.org/@typescript-eslint/visitor-keys/-/visitor-keys-8.38.0.tgz 0ms (cache hit)
392 http cache @typescript-eslint/typescript-estree@https://registry.npmjs.org/@typescript-eslint/typescript-estree/-/typescript-estree-8.38.0.tgz 0ms (cache hit)
393 http cache @typescript-eslint/utils@https://registry.npmjs.org/@typescript-eslint/utils/-/utils-8.38.0.tgz 0ms (cache hit)
394 http cache @vitejs/plugin-react-swc@https://registry.npmjs.org/@vitejs/plugin-react-swc/-/plugin-react-swc-3.11.0.tgz 0ms (cache hit)
395 http cache @typescript-eslint/type-utils@https://registry.npmjs.org/@typescript-eslint/type-utils/-/type-utils-8.38.0.tgz 0ms (cache hit)
396 http cache @typescript-eslint/tsconfig-utils@https://registry.npmjs.org/@typescript-eslint/tsconfig-utils/-/tsconfig-utils-8.38.0.tgz 0ms (cache hit)
397 http cache @typescript-eslint/eslint-plugin@https://registry.npmjs.org/@typescript-eslint/eslint-plugin/-/eslint-plugin-8.38.0.tgz 0ms (cache hit)
398 http cache @typescript-eslint/project-service@https://registry.npmjs.org/@typescript-eslint/project-service/-/project-service-8.38.0.tgz 0ms (cache hit)
399 http cache @typescript-eslint/parser@https://registry.npmjs.org/@typescript-eslint/parser/-/parser-8.38.0.tgz 0ms (cache hit)
400 http cache @typescript-eslint/scope-manager@https://registry.npmjs.org/@typescript-eslint/scope-manager/-/scope-manager-8.38.0.tgz 0ms (cache hit)
401 http cache @types/react@https://registry.npmjs.org/@types/react/-/react-18.3.23.tgz 0ms (cache hit)
402 http cache @types/prop-types@https://registry.npmjs.org/@types/prop-types/-/prop-types-15.7.13.tgz 0ms (cache hit)
403 http cache @types/estree@https://registry.npmjs.org/@types/estree/-/estree-1.0.6.tgz 0ms (cache hit)
404 http cache @types/node@https://registry.npmjs.org/@types/node/-/node-22.16.5.tgz 0ms (cache hit)
405 http cache @types/json-schema@https://registry.npmjs.org/@types/json-schema/-/json-schema-7.0.15.tgz 0ms (cache hit)
406 http cache @types/react-dom@https://registry.npmjs.org/@types/react-dom/-/react-dom-18.3.7.tgz 0ms (cache hit)
407 http cache @types/d3-timer@https://registry.npmjs.org/@types/d3-timer/-/d3-timer-3.0.2.tgz 0ms (cache hit)
408 http cache @types/d3-shape@https://registry.npmjs.org/@types/d3-shape/-/d3-shape-3.1.6.tgz 0ms (cache hit)
409 http cache @types/d3-time@https://registry.npmjs.org/@types/d3-time/-/d3-time-3.0.3.tgz 0ms (cache hit)
410 http cache @types/d3-scale@https://registry.npmjs.org/@types/d3-scale/-/d3-scale-4.0.8.tgz 0ms (cache hit)
411 http cache @types/d3-interpolate@https://registry.npmjs.org/@types/d3-interpolate/-/d3-interpolate-3.0.4.tgz 0ms (cache hit)
412 http cache @types/d3-path@https://registry.npmjs.org/@types/d3-path/-/d3-path-3.1.0.tgz 0ms (cache hit)
413 http cache @tanstack/query-core@https://registry.npmjs.org/@tanstack/query-core/-/query-core-5.83.0.tgz 0ms (cache hit)
414 http cache @tanstack/react-query@https://registry.npmjs.org/@tanstack/react-query/-/react-query-5.83.0.tgz 0ms (cache hit)
415 http cache @types/d3-color@https://registry.npmjs.org/@types/d3-color/-/d3-color-3.1.3.tgz 0ms (cache hit)
416 http cache @types/d3-array@https://registry.npmjs.org/@types/d3-array/-/d3-array-3.2.1.tgz 0ms (cache hit)
417 http cache @tailwindcss/typography@https://registry.npmjs.org/@tailwindcss/typography/-/typography-0.5.16.tgz 0ms (cache hit)
418 http cache @types/d3-ease@https://registry.npmjs.org/@types/d3-ease/-/d3-ease-3.0.2.tgz 0ms (cache hit)
419 http cache @swc/types@https://registry.npmjs.org/@swc/types/-/types-0.1.23.tgz 0ms (cache hit)
420 http cache @swc/core-win32-x64-msvc@https://registry.npmjs.org/@swc/core-win32-x64-msvc/-/core-win32-x64-msvc-1.13.2.tgz 0ms (cache hit)
421 http cache @swc/counter@https://registry.npmjs.org/@swc/counter/-/counter-0.1.3.tgz 0ms (cache hit)
422 http cache @remix-run/router@https://registry.npmjs.org/@remix-run/router/-/router-1.23.0.tgz 0ms (cache hit)
423 http cache @rolldown/pluginutils@https://registry.npmjs.org/@rolldown/pluginutils/-/pluginutils-1.0.0-beta.27.tgz 0ms (cache hit)
424 http cache @rollup/rollup-win32-x64-msvc@https://registry.npmjs.org/@rollup/rollup-win32-x64-msvc/-/rollup-win32-x64-msvc-4.24.0.tgz 0ms (cache hit)
425 http cache @swc/core@https://registry.npmjs.org/@swc/core/-/core-1.13.2.tgz 0ms (cache hit)
426 http cache @radix-ui/rect@https://registry.npmjs.org/@radix-ui/rect/-/rect-1.1.1.tgz 0ms (cache hit)
427 http cache @radix-ui/react-visually-hidden@https://registry.npmjs.org/@radix-ui/react-visually-hidden/-/react-visually-hidden-1.2.3.tgz 0ms (cache hit)
428 http cache @radix-ui/react-use-size@https://registry.npmjs.org/@radix-ui/react-use-size/-/react-use-size-1.1.1.tgz 0ms (cache hit)
429 http cache @radix-ui/react-use-rect@https://registry.npmjs.org/@radix-ui/react-use-rect/-/react-use-rect-1.1.1.tgz 0ms (cache hit)
430 http cache @radix-ui/react-use-previous@https://registry.npmjs.org/@radix-ui/react-use-previous/-/react-use-previous-1.1.1.tgz 0ms (cache hit)
431 http cache @radix-ui/react-use-layout-effect@https://registry.npmjs.org/@radix-ui/react-use-layout-effect/-/react-use-layout-effect-1.1.1.tgz 0ms (cache hit)
432 http cache @radix-ui/react-use-controllable-state@https://registry.npmjs.org/@radix-ui/react-use-controllable-state/-/react-use-controllable-state-1.2.2.tgz 0ms (cache hit)
433 http cache @radix-ui/react-use-effect-event@https://registry.npmjs.org/@radix-ui/react-use-effect-event/-/react-use-effect-event-0.0.2.tgz 0ms (cache hit)
434 http cache @radix-ui/react-use-is-hydrated@https://registry.npmjs.org/@radix-ui/react-use-is-hydrated/-/react-use-is-hydrated-0.1.0.tgz 0ms (cache hit)
435 http cache @radix-ui/react-use-callback-ref@https://registry.npmjs.org/@radix-ui/react-use-callback-ref/-/react-use-callback-ref-1.1.1.tgz 0ms (cache hit)
436 http cache @radix-ui/react-tooltip@https://registry.npmjs.org/@radix-ui/react-tooltip/-/react-tooltip-1.2.7.tgz 0ms (cache hit)
437 http cache @radix-ui/react-use-escape-keydown@https://registry.npmjs.org/@radix-ui/react-use-escape-keydown/-/react-use-escape-keydown-1.1.1.tgz 0ms (cache hit)
438 http cache @radix-ui/react-toast@https://registry.npmjs.org/@radix-ui/react-toast/-/react-toast-1.2.14.tgz 0ms (cache hit)
439 http cache @radix-ui/react-tabs@https://registry.npmjs.org/@radix-ui/react-tabs/-/react-tabs-1.1.12.tgz 0ms (cache hit)
440 http cache @radix-ui/react-toggle@https://registry.npmjs.org/@radix-ui/react-toggle/-/react-toggle-1.1.9.tgz 0ms (cache hit)
441 http cache @radix-ui/react-toggle-group@https://registry.npmjs.org/@radix-ui/react-toggle-group/-/react-toggle-group-1.1.10.tgz 0ms (cache hit)
442 http cache @radix-ui/react-slider@https://registry.npmjs.org/@radix-ui/react-slider/-/react-slider-1.3.5.tgz 0ms (cache hit)
443 http cache @radix-ui/react-switch@https://registry.npmjs.org/@radix-ui/react-switch/-/react-switch-1.2.5.tgz 0ms (cache hit)
444 http cache @radix-ui/react-separator@https://registry.npmjs.org/@radix-ui/react-separator/-/react-separator-1.1.7.tgz 0ms (cache hit)
445 http cache @radix-ui/react-scroll-area@https://registry.npmjs.org/@radix-ui/react-scroll-area/-/react-scroll-area-1.2.9.tgz 0ms (cache hit)
446 http cache @radix-ui/react-roving-focus@https://registry.npmjs.org/@radix-ui/react-roving-focus/-/react-roving-focus-1.1.10.tgz 0ms (cache hit)
447 http cache @radix-ui/react-select@https://registry.npmjs.org/@radix-ui/react-select/-/react-select-2.2.5.tgz 0ms (cache hit)
448 http cache @radix-ui/react-slot@https://registry.npmjs.org/@radix-ui/react-slot/-/react-slot-1.2.3.tgz 0ms (cache hit)
449 http cache @radix-ui/react-progress@https://registry.npmjs.org/@radix-ui/react-progress/-/react-progress-1.1.7.tgz 0ms (cache hit)
450 http cache @radix-ui/react-primitive@https://registry.npmjs.org/@radix-ui/react-primitive/-/react-primitive-2.1.3.tgz 0ms (cache hit)
451 http cache @radix-ui/react-popover@https://registry.npmjs.org/@radix-ui/react-popover/-/react-popover-1.1.14.tgz 0ms (cache hit)
452 http cache @radix-ui/react-popper@https://registry.npmjs.org/@radix-ui/react-popper/-/react-popper-1.2.7.tgz 0ms (cache hit)
453 http cache @radix-ui/react-presence@https://registry.npmjs.org/@radix-ui/react-presence/-/react-presence-1.1.4.tgz 0ms (cache hit)
454 http cache @radix-ui/react-menubar@https://registry.npmjs.org/@radix-ui/react-menubar/-/react-menubar-1.1.15.tgz 0ms (cache hit)
455 http cache @radix-ui/react-navigation-menu@https://registry.npmjs.org/@radix-ui/react-navigation-menu/-/react-navigation-menu-1.2.13.tgz 0ms (cache hit)
456 http cache @radix-ui/react-portal@https://registry.npmjs.org/@radix-ui/react-portal/-/react-portal-1.1.9.tgz 0ms (cache hit)
457 http cache @radix-ui/react-menu@https://registry.npmjs.org/@radix-ui/react-menu/-/react-menu-2.1.15.tgz 0ms (cache hit)
458 http cache @radix-ui/react-radio-group@https://registry.npmjs.org/@radix-ui/react-radio-group/-/react-radio-group-1.3.7.tgz 0ms (cache hit)
459 http cache @radix-ui/react-label@https://registry.npmjs.org/@radix-ui/react-label/-/react-label-2.1.7.tgz 0ms (cache hit)
460 http cache @radix-ui/react-id@https://registry.npmjs.org/@radix-ui/react-id/-/react-id-1.1.1.tgz 0ms (cache hit)
461 http cache @radix-ui/react-hover-card@https://registry.npmjs.org/@radix-ui/react-hover-card/-/react-hover-card-1.1.14.tgz 0ms (cache hit)
462 http cache @radix-ui/react-dropdown-menu@https://registry.npmjs.org/@radix-ui/react-dropdown-menu/-/react-dropdown-menu-2.1.15.tgz 0ms (cache hit)
463 http cache @radix-ui/react-direction@https://registry.npmjs.org/@radix-ui/react-direction/-/react-direction-1.1.1.tgz 0ms (cache hit)
464 http cache @radix-ui/react-focus-scope@https://registry.npmjs.org/@radix-ui/react-focus-scope/-/react-focus-scope-1.1.7.tgz 0ms (cache hit)
465 http cache @radix-ui/react-focus-guards@https://registry.npmjs.org/@radix-ui/react-focus-guards/-/react-focus-guards-1.1.2.tgz 0ms (cache hit)
466 http cache @radix-ui/react-dialog@https://registry.npmjs.org/@radix-ui/react-dialog/-/react-dialog-1.1.14.tgz 0ms (cache hit)
467 http cache @radix-ui/react-context-menu@https://registry.npmjs.org/@radix-ui/react-context-menu/-/react-context-menu-2.2.15.tgz 0ms (cache hit)
468 http cache @radix-ui/react-context@https://registry.npmjs.org/@radix-ui/react-context/-/react-context-1.1.2.tgz 0ms (cache hit)
469 http cache @radix-ui/react-collection@https://registry.npmjs.org/@radix-ui/react-collection/-/react-collection-1.1.7.tgz 0ms (cache hit)
470 http cache @radix-ui/react-avatar@https://registry.npmjs.org/@radix-ui/react-avatar/-/react-avatar-1.1.10.tgz 0ms (cache hit)
471 http cache @radix-ui/react-compose-refs@https://registry.npmjs.org/@radix-ui/react-compose-refs/-/react-compose-refs-1.1.2.tgz 0ms (cache hit)
472 http cache @radix-ui/react-collapsible@https://registry.npmjs.org/@radix-ui/react-collapsible/-/react-collapsible-1.1.11.tgz 0ms (cache hit)
473 http cache @radix-ui/react-checkbox@https://registry.npmjs.org/@radix-ui/react-checkbox/-/react-checkbox-1.3.2.tgz 0ms (cache hit)
474 http cache @radix-ui/react-dismissable-layer@https://registry.npmjs.org/@radix-ui/react-dismissable-layer/-/react-dismissable-layer-1.1.10.tgz 0ms (cache hit)
475 http cache @radix-ui/react-aspect-ratio@https://registry.npmjs.org/@radix-ui/react-aspect-ratio/-/react-aspect-ratio-1.1.7.tgz 0ms (cache hit)
476 http cache @radix-ui/react-arrow@https://registry.npmjs.org/@radix-ui/react-arrow/-/react-arrow-1.1.7.tgz 0ms (cache hit)
477 http cache @radix-ui/react-alert-dialog@https://registry.npmjs.org/@radix-ui/react-alert-dialog/-/react-alert-dialog-1.1.14.tgz 0ms (cache hit)
478 http cache @radix-ui/react-accordion@https://registry.npmjs.org/@radix-ui/react-accordion/-/react-accordion-1.2.11.tgz 0ms (cache hit)
479 http cache @radix-ui/primitive@https://registry.npmjs.org/@radix-ui/primitive/-/primitive-1.1.2.tgz 0ms (cache hit)
480 http cache @pkgjs/parseargs@https://registry.npmjs.org/@pkgjs/parseargs/-/parseargs-0.11.0.tgz 0ms (cache hit)
481 http cache @jridgewell/trace-mapping@https://registry.npmjs.org/@jridgewell/trace-mapping/-/trace-mapping-0.3.25.tgz 0ms (cache hit)
482 http cache @radix-ui/number@https://registry.npmjs.org/@radix-ui/number/-/number-1.1.1.tgz 0ms (cache hit)
483 http cache @jridgewell/sourcemap-codec@https://registry.npmjs.org/@jridgewell/sourcemap-codec/-/sourcemap-codec-1.5.0.tgz 0ms (cache hit)
484 http cache @jridgewell/set-array@https://registry.npmjs.org/@jridgewell/set-array/-/set-array-1.2.1.tgz 0ms (cache hit)
485 http cache @nodelib/fs.walk@https://registry.npmjs.org/@nodelib/fs.walk/-/fs.walk-1.2.8.tgz 0ms (cache hit)
486 http cache @nodelib/fs.scandir@https://registry.npmjs.org/@nodelib/fs.scandir/-/fs.scandir-2.1.5.tgz 0ms (cache hit)
487 http cache @jridgewell/resolve-uri@https://registry.npmjs.org/@jridgewell/resolve-uri/-/resolve-uri-3.1.2.tgz 0ms (cache hit)
488 http cache @isaacs/cliui@https://registry.npmjs.org/@isaacs/cliui/-/cliui-8.0.2.tgz 0ms (cache hit)
489 http cache @jridgewell/gen-mapping@https://registry.npmjs.org/@jridgewell/gen-mapping/-/gen-mapping-0.3.5.tgz 0ms (cache hit)
490 http cache @nodelib/fs.stat@https://registry.npmjs.org/@nodelib/fs.stat/-/fs.stat-2.0.5.tgz 0ms (cache hit)
491 http cache @humanwhocodes/retry@https://registry.npmjs.org/@humanwhocodes/retry/-/retry-0.4.3.tgz 0ms (cache hit)
492 http cache @humanfs/core@https://registry.npmjs.org/@humanfs/core/-/core-0.19.1.tgz 0ms (cache hit)
493 http cache @humanfs/node@https://registry.npmjs.org/@humanfs/node/-/node-0.16.6.tgz 0ms (cache hit)
494 http cache @floating-ui/utils@https://registry.npmjs.org/@floating-ui/utils/-/utils-0.2.10.tgz 0ms (cache hit)
495 http cache @floating-ui/react-dom@https://registry.npmjs.org/@floating-ui/react-dom/-/react-dom-2.1.4.tgz 0ms (cache hit)
496 http cache @floating-ui/dom@https://registry.npmjs.org/@floating-ui/dom/-/dom-1.7.2.tgz 0ms (cache hit)
497 http cache @floating-ui/core@https://registry.npmjs.org/@floating-ui/core/-/core-1.7.2.tgz 0ms (cache hit)
498 http cache @eslint/object-schema@https://registry.npmjs.org/@eslint/object-schema/-/object-schema-2.1.6.tgz 0ms (cache hit)
499 http cache @eslint/plugin-kit@https://registry.npmjs.org/@eslint/plugin-kit/-/plugin-kit-0.3.4.tgz 0ms (cache hit)
500 http cache @eslint/js@https://registry.npmjs.org/@eslint/js/-/js-9.32.0.tgz 0ms (cache hit)
501 http cache @eslint/core@https://registry.npmjs.org/@eslint/core/-/core-0.15.1.tgz 0ms (cache hit)
502 http cache @hookform/resolvers@https://registry.npmjs.org/@hookform/resolvers/-/resolvers-3.10.0.tgz 0ms (cache hit)
503 http cache @eslint/eslintrc@https://registry.npmjs.org/@eslint/eslintrc/-/eslintrc-3.3.1.tgz 0ms (cache hit)
504 http cache @humanwhocodes/module-importer@https://registry.npmjs.org/@humanwhocodes/module-importer/-/module-importer-1.0.1.tgz 0ms (cache hit)
505 http cache @eslint/config-helpers@https://registry.npmjs.org/@eslint/config-helpers/-/config-helpers-0.3.0.tgz 0ms (cache hit)
506 http cache @eslint/config-array@https://registry.npmjs.org/@eslint/config-array/-/config-array-0.21.0.tgz 0ms (cache hit)
507 http cache @alloc/quick-lru@https://registry.npmjs.org/@alloc/quick-lru/-/quick-lru-5.2.0.tgz 0ms (cache hit)
508 http cache @babel/runtime@https://registry.npmjs.org/@babel/runtime/-/runtime-7.28.2.tgz 0ms (cache hit)
509 http cache @esbuild/win32-x64@https://registry.npmjs.org/@esbuild/win32-x64/-/win32-x64-0.21.5.tgz 0ms (cache hit)
510 http cache @eslint-community/regexpp@https://registry.npmjs.org/@eslint-community/regexpp/-/regexpp-4.12.1.tgz 0ms (cache hit)
511 http cache ansi-styles@https://registry.npmjs.org/ansi-styles/-/ansi-styles-6.2.1.tgz 0ms (cache hit)
512 http cache @eslint-community/eslint-utils@https://registry.npmjs.org/@eslint-community/eslint-utils/-/eslint-utils-4.7.0.tgz 0ms (cache hit)
513 http cache strip-ansi@https://registry.npmjs.org/strip-ansi/-/strip-ansi-6.0.1.tgz 0ms (cache hit)
514 http cache ansi-regex@https://registry.npmjs.org/ansi-regex/-/ansi-regex-5.0.1.tgz 0ms (cache hit)
515 http cache emoji-regex@https://registry.npmjs.org/emoji-regex/-/emoji-regex-8.0.0.tgz 0ms (cache hit)
516 http cache ansi-regex@https://registry.npmjs.org/ansi-regex/-/ansi-regex-5.0.1.tgz 0ms (cache hit)
517 http cache strip-ansi@https://registry.npmjs.org/strip-ansi/-/strip-ansi-6.0.1.tgz 0ms (cache hit)
518 http cache ansi-regex@https://registry.npmjs.org/ansi-regex/-/ansi-regex-5.0.1.tgz 0ms (cache hit)
519 http cache react-is@https://registry.npmjs.org/react-is/-/react-is-16.13.1.tgz 0ms (cache hit)
520 http cache brace-expansion@https://registry.npmjs.org/brace-expansion/-/brace-expansion-2.0.2.tgz 0ms (cache hit)
521 http cache string-width@https://registry.npmjs.org/string-width/-/string-width-4.2.3.tgz 0ms (cache hit)
522 http cache @esbuild/win32-x64@https://registry.npmjs.org/@esbuild/win32-x64/-/win32-x64-0.25.0.tgz 0ms (cache hit)
523 http cache minimatch@https://registry.npmjs.org/minimatch/-/minimatch-9.0.5.tgz 0ms (cache hit)
524 http cache emoji-regex@https://registry.npmjs.org/emoji-regex/-/emoji-regex-8.0.0.tgz 0ms (cache hit)
525 http cache glob-parent@https://registry.npmjs.org/glob-parent/-/glob-parent-5.1.2.tgz 0ms (cache hit)
526 http cache glob-parent@https://registry.npmjs.org/glob-parent/-/glob-parent-5.1.2.tgz 0ms (cache hit)
527 http cache minimatch@https://registry.npmjs.org/minimatch/-/minimatch-9.0.5.tgz 0ms (cache hit)
528 http cache brace-expansion@https://registry.npmjs.org/brace-expansion/-/brace-expansion-2.0.2.tgz 0ms (cache hit)
529 http cache esbuild@https://registry.npmjs.org/esbuild/-/esbuild-0.25.0.tgz 0ms (cache hit)
530 http cache ignore@https://registry.npmjs.org/ignore/-/ignore-7.0.5.tgz 0ms (cache hit)
531 http cache postcss-selector-parser@https://registry.npmjs.org/postcss-selector-parser/-/postcss-selector-parser-6.0.10.tgz 0ms (cache hit)
532 silly tarball no local data for zod@https://registry.npmjs.org/zod/-/zod-3.25.76.tgz. Extracting by manifest.
533 http cache globals@https://registry.npmjs.org/globals/-/globals-14.0.0.tgz 0ms (cache hit)
534 http cache @humanwhocodes/retry@https://registry.npmjs.org/@humanwhocodes/retry/-/retry-0.3.1.tgz 0ms (cache hit)
535 http cache eslint-visitor-keys@https://registry.npmjs.org/eslint-visitor-keys/-/eslint-visitor-keys-3.4.3.tgz 0ms (cache hit)
536 silly tarball no local data for wrap-ansi@https://registry.npmjs.org/wrap-ansi/-/wrap-ansi-8.1.0.tgz. Extracting by manifest.
537 silly tarball no local data for yaml@https://registry.npmjs.org/yaml/-/yaml-2.6.0.tgz. Extracting by manifest.
538 silly tarball no local data for which@https://registry.npmjs.org/which/-/which-2.0.2.tgz. Extracting by manifest.
539 silly tarball no local data for wrap-ansi-cjs@https://registry.npmjs.org/wrap-ansi/-/wrap-ansi-7.0.0.tgz. Extracting by manifest.
540 silly tarball no local data for vite@https://registry.npmjs.org/vite/-/vite-5.4.19.tgz. Extracting by manifest.
541 silly tarball no local data for word-wrap@https://registry.npmjs.org/word-wrap/-/word-wrap-1.2.5.tgz. Extracting by manifest.
542 silly tarball no local data for victory-vendor@https://registry.npmjs.org/victory-vendor/-/victory-vendor-36.9.2.tgz. Extracting by manifest.
543 silly tarball no local data for vaul@https://registry.npmjs.org/vaul/-/vaul-0.9.9.tgz. Extracting by manifest.
544 silly tarball no local data for yocto-queue@https://registry.npmjs.org/yocto-queue/-/yocto-queue-0.1.0.tgz. Extracting by manifest.
545 silly tarball no local data for use-sync-external-store@https://registry.npmjs.org/use-sync-external-store/-/use-sync-external-store-1.5.0.tgz. Extracting by manifest.
546 silly tarball no local data for use-sidecar@https://registry.npmjs.org/use-sidecar/-/use-sidecar-1.1.3.tgz. Extracting by manifest.
547 silly tarball no local data for util-deprecate@https://registry.npmjs.org/util-deprecate/-/util-deprecate-1.0.2.tgz. Extracting by manifest.
548 silly tarball no local data for uri-js@https://registry.npmjs.org/uri-js/-/uri-js-4.4.1.tgz. Extracting by manifest.
549 silly tarball no local data for undici-types@https://registry.npmjs.org/undici-types/-/undici-types-6.21.0.tgz. Extracting by manifest.
550 silly tarball no local data for typescript@https://registry.npmjs.org/typescript/-/typescript-5.8.3.tgz. Extracting by manifest.
551 silly tarball no local data for use-callback-ref@https://registry.npmjs.org/use-callback-ref/-/use-callback-ref-1.3.3.tgz. Extracting by manifest.
552 silly tarball no local data for typescript-eslint@https://registry.npmjs.org/typescript-eslint/-/typescript-eslint-8.38.0.tgz. Extracting by manifest.
553 silly tarball no local data for type-check@https://registry.npmjs.org/type-check/-/type-check-0.4.0.tgz. Extracting by manifest.
554 silly tarball no local data for ts-interface-checker@https://registry.npmjs.org/ts-interface-checker/-/ts-interface-checker-0.1.13.tgz. Extracting by manifest.
555 silly tarball no local data for tslib@https://registry.npmjs.org/tslib/-/tslib-2.8.0.tgz. Extracting by manifest.
556 silly tarball no local data for ts-api-utils@https://registry.npmjs.org/ts-api-utils/-/ts-api-utils-2.1.0.tgz. Extracting by manifest.
557 silly tarball no local data for to-regex-range@https://registry.npmjs.org/to-regex-range/-/to-regex-range-5.0.1.tgz. Extracting by manifest.
558 silly tarball no local data for thenify@https://registry.npmjs.org/thenify/-/thenify-3.3.1.tgz. Extracting by manifest.
559 silly tarball no local data for tiny-invariant@https://registry.npmjs.org/tiny-invariant/-/tiny-invariant-1.3.3.tgz. Extracting by manifest.
560 silly tarball no local data for thenify-all@https://registry.npmjs.org/thenify-all/-/thenify-all-1.6.0.tgz. Extracting by manifest.
561 silly tarball no local data for tailwindcss-animate@https://registry.npmjs.org/tailwindcss-animate/-/tailwindcss-animate-1.0.7.tgz. Extracting by manifest.
562 silly tarball no local data for tailwindcss@https://registry.npmjs.org/tailwindcss/-/tailwindcss-3.4.17.tgz. Extracting by manifest.
563 silly tarball no local data for tailwind-merge@https://registry.npmjs.org/tailwind-merge/-/tailwind-merge-2.6.0.tgz. Extracting by manifest.
564 silly tarball no local data for sucrase@https://registry.npmjs.org/sucrase/-/sucrase-3.35.0.tgz. Extracting by manifest.
565 silly tarball no local data for supports-color@https://registry.npmjs.org/supports-color/-/supports-color-7.2.0.tgz. Extracting by manifest.
566 silly tarball no local data for strip-json-comments@https://registry.npmjs.org/strip-json-comments/-/strip-json-comments-3.1.1.tgz. Extracting by manifest.
567 silly tarball no local data for string-width-cjs@https://registry.npmjs.org/string-width/-/string-width-4.2.3.tgz. Extracting by manifest.
568 silly tarball no local data for update-browserslist-db@https://registry.npmjs.org/update-browserslist-db/-/update-browserslist-db-1.1.3.tgz. Extracting by manifest.
569 silly tarball no local data for strip-ansi-cjs@https://registry.npmjs.org/strip-ansi/-/strip-ansi-6.0.1.tgz. Extracting by manifest.
570 silly tarball no local data for string-width@https://registry.npmjs.org/string-width/-/string-width-5.1.2.tgz. Extracting by manifest.
571 silly tarball no local data for source-map-js@https://registry.npmjs.org/source-map-js/-/source-map-js-1.2.1.tgz. Extracting by manifest.
572 silly tarball no local data for sonner@https://registry.npmjs.org/sonner/-/sonner-1.7.4.tgz. Extracting by manifest.
573 silly tarball no local data for strip-ansi@https://registry.npmjs.org/strip-ansi/-/strip-ansi-7.1.0.tgz. Extracting by manifest.
574 silly tarball no local data for shebang-regex@https://registry.npmjs.org/shebang-regex/-/shebang-regex-3.0.0.tgz. Extracting by manifest.
575 silly tarball no local data for supports-preserve-symlinks-flag@https://registry.npmjs.org/supports-preserve-symlinks-flag/-/supports-preserve-symlinks-flag-1.0.0.tgz. Extracting by manifest.
576 silly tarball no local data for semver@https://registry.npmjs.org/semver/-/semver-7.7.2.tgz. Extracting by manifest.
577 silly tarball no local data for run-parallel@https://registry.npmjs.org/run-parallel/-/run-parallel-1.2.0.tgz. Extracting by manifest.
578 silly tarball no local data for shebang-command@https://registry.npmjs.org/shebang-command/-/shebang-command-2.0.0.tgz. Extracting by manifest.
579 silly tarball no local data for reusify@https://registry.npmjs.org/reusify/-/reusify-1.0.4.tgz. Extracting by manifest.
580 silly tarball no local data for rollup@https://registry.npmjs.org/rollup/-/rollup-4.24.0.tgz. Extracting by manifest.
581 silly tarball no local data for resolve-from@https://registry.npmjs.org/resolve-from/-/resolve-from-4.0.0.tgz. Extracting by manifest.
582 silly tarball no local data for resolve@https://registry.npmjs.org/resolve/-/resolve-1.22.8.tgz. Extracting by manifest.
583 silly tarball no local data for readdirp@https://registry.npmjs.org/readdirp/-/readdirp-3.6.0.tgz. Extracting by manifest.
584 silly tarball no local data for recharts@https://registry.npmjs.org/recharts/-/recharts-2.15.4.tgz. Extracting by manifest.
585 silly tarball no local data for read-cache@https://registry.npmjs.org/read-cache/-/read-cache-1.0.0.tgz. Extracting by manifest.
586 silly tarball no local data for recharts-scale@https://registry.npmjs.org/recharts-scale/-/recharts-scale-0.4.5.tgz. Extracting by manifest.
587 silly tarball no local data for react-transition-group@https://registry.npmjs.org/react-transition-group/-/react-transition-group-4.4.5.tgz. Extracting by manifest.
588 silly tarball no local data for signal-exit@https://registry.npmjs.org/signal-exit/-/signal-exit-4.1.0.tgz. Extracting by manifest.
589 silly tarball no local data for react-style-singleton@https://registry.npmjs.org/react-style-singleton/-/react-style-singleton-2.2.3.tgz. Extracting by manifest.
590 silly tarball no local data for react-smooth@https://registry.npmjs.org/react-smooth/-/react-smooth-4.0.4.tgz. Extracting by manifest.
591 silly tarball no local data for react-remove-scroll@https://registry.npmjs.org/react-remove-scroll/-/react-remove-scroll-2.7.1.tgz. Extracting by manifest.
592 silly tarball no local data for react-router-dom@https://registry.npmjs.org/react-router-dom/-/react-router-dom-6.30.1.tgz. Extracting by manifest.
593 silly tarball no local data for react-is@https://registry.npmjs.org/react-is/-/react-is-18.3.1.tgz. Extracting by manifest.
594 silly tarball no local data for react-remove-scroll-bar@https://registry.npmjs.org/react-remove-scroll-bar/-/react-remove-scroll-bar-2.3.8.tgz. Extracting by manifest.
595 silly tarball no local data for react-resizable-panels@https://registry.npmjs.org/react-resizable-panels/-/react-resizable-panels-2.1.9.tgz. Extracting by manifest.
596 silly tarball no local data for react-dom@https://registry.npmjs.org/react-dom/-/react-dom-18.3.1.tgz. Extracting by manifest.
597 silly tarball no local data for react-hook-form@https://registry.npmjs.org/react-hook-form/-/react-hook-form-7.61.1.tgz. Extracting by manifest.
598 silly tarball no local data for react-day-picker@https://registry.npmjs.org/react-day-picker/-/react-day-picker-8.10.1.tgz. Extracting by manifest.
599 silly tarball no local data for react@https://registry.npmjs.org/react/-/react-18.3.1.tgz. Extracting by manifest.
600 silly tarball no local data for queue-microtask@https://registry.npmjs.org/queue-microtask/-/queue-microtask-1.2.3.tgz. Extracting by manifest.
601 silly tarball no local data for scheduler@https://registry.npmjs.org/scheduler/-/scheduler-0.23.2.tgz. Extracting by manifest.
602 silly tarball no local data for punycode@https://registry.npmjs.org/punycode/-/punycode-2.3.1.tgz. Extracting by manifest.
603 silly tarball no local data for prelude-ls@https://registry.npmjs.org/prelude-ls/-/prelude-ls-1.2.1.tgz. Extracting by manifest.
604 silly tarball no local data for prop-types@https://registry.npmjs.org/prop-types/-/prop-types-15.8.1.tgz. Extracting by manifest.
605 silly tarball no local data for postcss-selector-parser@https://registry.npmjs.org/postcss-selector-parser/-/postcss-selector-parser-6.1.2.tgz. Extracting by manifest.
606 silly tarball no local data for postcss-value-parser@https://registry.npmjs.org/postcss-value-parser/-/postcss-value-parser-4.2.0.tgz. Extracting by manifest.
607 silly tarball no local data for postcss-nested@https://registry.npmjs.org/postcss-nested/-/postcss-nested-6.2.0.tgz. Extracting by manifest.
608 silly tarball no local data for postcss-js@https://registry.npmjs.org/postcss-js/-/postcss-js-4.0.1.tgz. Extracting by manifest.
609 silly tarball no local data for postcss@https://registry.npmjs.org/postcss/-/postcss-8.5.6.tgz. Extracting by manifest.
610 silly tarball no local data for react-router@https://registry.npmjs.org/react-router/-/react-router-6.30.1.tgz. Extracting by manifest.
611 silly tarball no local data for postcss-import@https://registry.npmjs.org/postcss-import/-/postcss-import-15.1.0.tgz. Extracting by manifest.
612 silly tarball no local data for picocolors@https://registry.npmjs.org/picocolors/-/picocolors-1.1.1.tgz. Extracting by manifest.
613 silly tarball no local data for path-scurry@https://registry.npmjs.org/path-scurry/-/path-scurry-1.11.1.tgz. Extracting by manifest.
614 silly tarball no local data for pify@https://registry.npmjs.org/pify/-/pify-2.3.0.tgz. Extracting by manifest.
615 silly tarball no local data for path-parse@https://registry.npmjs.org/path-parse/-/path-parse-1.0.7.tgz. Extracting by manifest.
616 silly tarball no local data for picomatch@https://registry.npmjs.org/picomatch/-/picomatch-2.3.1.tgz. Extracting by manifest.
617 silly tarball no local data for path-key@https://registry.npmjs.org/path-key/-/path-key-3.1.1.tgz. Extracting by manifest.
618 silly tarball no local data for parent-module@https://registry.npmjs.org/parent-module/-/parent-module-1.0.1.tgz. Extracting by manifest.
619 silly tarball no local data for path-exists@https://registry.npmjs.org/path-exists/-/path-exists-4.0.0.tgz. Extracting by manifest.
620 silly tarball no local data for package-json-from-dist@https://registry.npmjs.org/package-json-from-dist/-/package-json-from-dist-1.0.1.tgz. Extracting by manifest.
621 silly tarball no local data for p-locate@https://registry.npmjs.org/p-locate/-/p-locate-5.0.0.tgz. Extracting by manifest.
622 silly tarball no local data for object-hash@https://registry.npmjs.org/object-hash/-/object-hash-3.0.0.tgz. Extracting by manifest.
623 silly tarball no local data for optionator@https://registry.npmjs.org/optionator/-/optionator-0.9.4.tgz. Extracting by manifest.
624 silly tarball no local data for p-limit@https://registry.npmjs.org/p-limit/-/p-limit-3.1.0.tgz. Extracting by manifest.
625 silly tarball no local data for normalize-path@https://registry.npmjs.org/normalize-path/-/normalize-path-3.0.0.tgz. Extracting by manifest.
626 silly tarball no local data for object-assign@https://registry.npmjs.org/object-assign/-/object-assign-4.1.1.tgz. Extracting by manifest.
627 silly tarball no local data for next-themes@https://registry.npmjs.org/next-themes/-/next-themes-0.3.0.tgz. Extracting by manifest.
628 silly tarball no local data for node-releases@https://registry.npmjs.org/node-releases/-/node-releases-2.0.19.tgz. Extracting by manifest.
629 silly tarball no local data for normalize-range@https://registry.npmjs.org/normalize-range/-/normalize-range-0.1.2.tgz. Extracting by manifest.
630 silly tarball no local data for natural-compare@https://registry.npmjs.org/natural-compare/-/natural-compare-1.4.0.tgz. Extracting by manifest.
631 silly tarball no local data for nanoid@https://registry.npmjs.org/nanoid/-/nanoid-3.3.11.tgz. Extracting by manifest.
632 silly tarball no local data for mz@https://registry.npmjs.org/mz/-/mz-2.7.0.tgz. Extracting by manifest.
633 silly tarball no local data for ms@https://registry.npmjs.org/ms/-/ms-2.1.3.tgz. Extracting by manifest.
634 silly tarball no local data for postcss-load-config@https://registry.npmjs.org/postcss-load-config/-/postcss-load-config-4.0.2.tgz. Extracting by manifest.
635 silly tarball no local data for motion-utils@https://registry.npmjs.org/motion-utils/-/motion-utils-12.24.10.tgz. Extracting by manifest.
636 silly tarball no local data for minipass@https://registry.npmjs.org/minipass/-/minipass-7.1.2.tgz. Extracting by manifest.
637 silly tarball no local data for minimatch@https://registry.npmjs.org/minimatch/-/minimatch-3.1.2.tgz. Extracting by manifest.
638 silly tarball no local data for micromatch@https://registry.npmjs.org/micromatch/-/micromatch-4.0.8.tgz. Extracting by manifest.
639 silly tarball no local data for motion-dom@https://registry.npmjs.org/motion-dom/-/motion-dom-12.24.11.tgz. Extracting by manifest.
640 silly tarball no local data for merge2@https://registry.npmjs.org/merge2/-/merge2-1.4.1.tgz. Extracting by manifest.
641 silly tarball no local data for lucide-react@https://registry.npmjs.org/lucide-react/-/lucide-react-0.462.0.tgz. Extracting by manifest.
642 silly tarball no local data for lovable-tagger@https://registry.npmjs.org/lovable-tagger/-/lovable-tagger-1.1.13.tgz. Extracting by manifest.
643 silly tarball no local data for loose-envify@https://registry.npmjs.org/loose-envify/-/loose-envify-1.4.0.tgz. Extracting by manifest.
644 silly tarball no local data for lodash.castarray@https://registry.npmjs.org/lodash.castarray/-/lodash.castarray-4.4.0.tgz. Extracting by manifest.
645 silly tarball no local data for lodash.merge@https://registry.npmjs.org/lodash.merge/-/lodash.merge-4.6.2.tgz. Extracting by manifest.
646 silly tarball no local data for locate-path@https://registry.npmjs.org/locate-path/-/locate-path-6.0.0.tgz. Extracting by manifest.
647 silly tarball no local data for lru-cache@https://registry.npmjs.org/lru-cache/-/lru-cache-10.4.3.tgz. Extracting by manifest.
648 silly tarball no local data for lodash@https://registry.npmjs.org/lodash/-/lodash-4.17.21.tgz. Extracting by manifest.
649 silly tarball no local data for lilconfig@https://registry.npmjs.org/lilconfig/-/lilconfig-3.1.3.tgz. Extracting by manifest.
650 silly tarball no local data for lines-and-columns@https://registry.npmjs.org/lines-and-columns/-/lines-and-columns-1.2.4.tgz. Extracting by manifest.
651 silly tarball no local data for levn@https://registry.npmjs.org/levn/-/levn-0.4.1.tgz. Extracting by manifest.
652 silly tarball no local data for keyv@https://registry.npmjs.org/keyv/-/keyv-4.5.4.tgz. Extracting by manifest.
653 silly tarball no local data for json-stable-stringify-without-jsonify@https://registry.npmjs.org/json-stable-stringify-without-jsonify/-/json-stable-stringify-without-jsonify-1.0.1.tgz. Extracting by manifest.
654 silly tarball no local data for json-schema-traverse@https://registry.npmjs.org/json-schema-traverse/-/json-schema-traverse-0.4.1.tgz. Extracting by manifest.
655 silly tarball no local data for json-buffer@https://registry.npmjs.org/json-buffer/-/json-buffer-3.0.1.tgz. Extracting by manifest.
656 silly tarball no local data for js-yaml@https://registry.npmjs.org/js-yaml/-/js-yaml-4.1.0.tgz. Extracting by manifest.
657 silly tarball no local data for js-tokens@https://registry.npmjs.org/js-tokens/-/js-tokens-4.0.0.tgz. Extracting by manifest.
658 silly tarball no local data for jiti@https://registry.npmjs.org/jiti/-/jiti-1.21.6.tgz. Extracting by manifest.
659 silly tarball no local data for jackspeak@https://registry.npmjs.org/jackspeak/-/jackspeak-3.4.3.tgz. Extracting by manifest.
660 silly tarball no local data for isexe@https://registry.npmjs.org/isexe/-/isexe-2.0.0.tgz. Extracting by manifest.
661 silly tarball no local data for is-number@https://registry.npmjs.org/is-number/-/is-number-7.0.0.tgz. Extracting by manifest.
662 silly tarball no local data for is-glob@https://registry.npmjs.org/is-glob/-/is-glob-4.0.3.tgz. Extracting by manifest.
663 silly tarball no local data for is-fullwidth-code-point@https://registry.npmjs.org/is-fullwidth-code-point/-/is-fullwidth-code-point-3.0.0.tgz. Extracting by manifest.
664 silly tarball no local data for is-extglob@https://registry.npmjs.org/is-extglob/-/is-extglob-2.1.1.tgz. Extracting by manifest.
665 silly tarball no local data for is-core-module@https://registry.npmjs.org/is-core-module/-/is-core-module-2.15.1.tgz. Extracting by manifest.
666 silly tarball no local data for pirates@https://registry.npmjs.org/pirates/-/pirates-4.0.6.tgz. Extracting by manifest.
667 silly tarball no local data for is-binary-path@https://registry.npmjs.org/is-binary-path/-/is-binary-path-2.1.0.tgz. Extracting by manifest.
668 silly tarball no local data for internmap@https://registry.npmjs.org/internmap/-/internmap-2.0.3.tgz. Extracting by manifest.
669 silly tarball no local data for input-otp@https://registry.npmjs.org/input-otp/-/input-otp-1.4.2.tgz. Extracting by manifest.
670 silly tarball no local data for import-fresh@https://registry.npmjs.org/import-fresh/-/import-fresh-3.3.1.tgz. Extracting by manifest.
671 silly tarball no local data for imurmurhash@https://registry.npmjs.org/imurmurhash/-/imurmurhash-0.1.4.tgz. Extracting by manifest.
672 silly tarball no local data for ignore@https://registry.npmjs.org/ignore/-/ignore-5.3.2.tgz. Extracting by manifest.
673 silly tarball no local data for idb@https://registry.npmjs.org/idb/-/idb-8.0.3.tgz. Extracting by manifest.
674 silly tarball no local data for globals@https://registry.npmjs.org/globals/-/globals-15.15.0.tgz. Extracting by manifest.
675 silly tarball no local data for has-flag@https://registry.npmjs.org/has-flag/-/has-flag-4.0.0.tgz. Extracting by manifest.
676 silly tarball no local data for glob-parent@https://registry.npmjs.org/glob-parent/-/glob-parent-6.0.2.tgz. Extracting by manifest.
677 silly tarball no local data for graphemer@https://registry.npmjs.org/graphemer/-/graphemer-1.4.0.tgz. Extracting by manifest.
678 silly tarball no local data for glob@https://registry.npmjs.org/glob/-/glob-10.4.5.tgz. Extracting by manifest.
679 silly tarball no local data for get-nonce@https://registry.npmjs.org/get-nonce/-/get-nonce-1.0.1.tgz. Extracting by manifest.
680 silly tarball no local data for hasown@https://registry.npmjs.org/hasown/-/hasown-2.0.2.tgz. Extracting by manifest.
681 silly tarball no local data for fraction.js@https://registry.npmjs.org/fraction.js/-/fraction.js-4.3.7.tgz. Extracting by manifest.
682 silly tarball no local data for framer-motion@https://registry.npmjs.org/framer-motion/-/framer-motion-12.25.0.tgz. Extracting by manifest.
683 silly tarball no local data for lodash.isplainobject@https://registry.npmjs.org/lodash.isplainobject/-/lodash.isplainobject-4.0.6.tgz. Extracting by manifest.
684 silly tarball no local data for function-bind@https://registry.npmjs.org/function-bind/-/function-bind-1.1.2.tgz. Extracting by manifest.
685 silly tarball no local data for foreground-child@https://registry.npmjs.org/foreground-child/-/foreground-child-3.3.0.tgz. Extracting by manifest.
686 silly tarball no local data for find-up@https://registry.npmjs.org/find-up/-/find-up-5.0.0.tgz. Extracting by manifest.
687 silly tarball no local data for flatted@https://registry.npmjs.org/flatted/-/flatted-3.3.1.tgz. Extracting by manifest.
688 silly tarball no local data for fill-range@https://registry.npmjs.org/fill-range/-/fill-range-7.1.1.tgz. Extracting by manifest.
689 silly tarball no local data for fastq@https://registry.npmjs.org/fastq/-/fastq-1.17.1.tgz. Extracting by manifest.
690 silly tarball no local data for file-entry-cache@https://registry.npmjs.org/file-entry-cache/-/file-entry-cache-8.0.0.tgz. Extracting by manifest.
691 silly tarball no local data for fast-equals@https://registry.npmjs.org/fast-equals/-/fast-equals-5.2.2.tgz. Extracting by manifest.
692 silly tarball no local data for fast-levenshtein@https://registry.npmjs.org/fast-levenshtein/-/fast-levenshtein-2.0.6.tgz. Extracting by manifest.
693 silly tarball no local data for fast-json-stable-stringify@https://registry.npmjs.org/fast-json-stable-stringify/-/fast-json-stable-stringify-2.1.0.tgz. Extracting by manifest.
694 silly tarball no local data for fast-glob@https://registry.npmjs.org/fast-glob/-/fast-glob-3.3.2.tgz. Extracting by manifest.
695 silly tarball no local data for eventemitter3@https://registry.npmjs.org/eventemitter3/-/eventemitter3-4.0.7.tgz. Extracting by manifest.
696 silly tarball no local data for esutils@https://registry.npmjs.org/esutils/-/esutils-2.0.3.tgz. Extracting by manifest.
697 silly tarball no local data for estraverse@https://registry.npmjs.org/estraverse/-/estraverse-5.3.0.tgz. Extracting by manifest.
698 silly tarball no local data for esrecurse@https://registry.npmjs.org/esrecurse/-/esrecurse-4.3.0.tgz. Extracting by manifest.
699 silly tarball no local data for esquery@https://registry.npmjs.org/esquery/-/esquery-1.6.0.tgz. Extracting by manifest.
700 silly tarball no local data for espree@https://registry.npmjs.org/espree/-/espree-10.4.0.tgz. Extracting by manifest.
701 silly tarball no local data for eslint-visitor-keys@https://registry.npmjs.org/eslint-visitor-keys/-/eslint-visitor-keys-4.2.1.tgz. Extracting by manifest.
702 silly tarball no local data for fast-deep-equal@https://registry.npmjs.org/fast-deep-equal/-/fast-deep-equal-3.1.3.tgz. Extracting by manifest.
703 silly tarball no local data for eslint-scope@https://registry.npmjs.org/eslint-scope/-/eslint-scope-8.4.0.tgz. Extracting by manifest.
704 silly tarball no local data for escalade@https://registry.npmjs.org/escalade/-/escalade-3.2.0.tgz. Extracting by manifest.
705 silly tarball no local data for eslint-plugin-react-hooks@https://registry.npmjs.org/eslint-plugin-react-hooks/-/eslint-plugin-react-hooks-5.2.0.tgz. Extracting by manifest.
706 silly tarball no local data for eslint@https://registry.npmjs.org/eslint/-/eslint-9.32.0.tgz. Extracting by manifest.
707 silly tarball no local data for escape-string-regexp@https://registry.npmjs.org/escape-string-regexp/-/escape-string-regexp-4.0.0.tgz. Extracting by manifest.
708 silly tarball no local data for esbuild@https://registry.npmjs.org/esbuild/-/esbuild-0.21.5.tgz. Extracting by manifest.
709 silly tarball no local data for emoji-regex@https://registry.npmjs.org/emoji-regex/-/emoji-regex-9.2.2.tgz. Extracting by manifest.
710 silly tarball no local data for embla-carousel-react@https://registry.npmjs.org/embla-carousel-react/-/embla-carousel-react-8.6.0.tgz. Extracting by manifest.
711 silly tarball no local data for embla-carousel-reactive-utils@https://registry.npmjs.org/embla-carousel-reactive-utils/-/embla-carousel-reactive-utils-8.6.0.tgz. Extracting by manifest.
712 silly tarball no local data for embla-carousel@https://registry.npmjs.org/embla-carousel/-/embla-carousel-8.6.0.tgz. Extracting by manifest.
713 silly tarball no local data for electron-to-chromium@https://registry.npmjs.org/electron-to-chromium/-/electron-to-chromium-1.5.192.tgz. Extracting by manifest.
714 silly tarball no local data for dom-helpers@https://registry.npmjs.org/dom-helpers/-/dom-helpers-5.2.1.tgz. Extracting by manifest.
715 silly tarball no local data for didyoumean@https://registry.npmjs.org/didyoumean/-/didyoumean-1.2.2.tgz. Extracting by manifest.
716 silly tarball no local data for flat-cache@https://registry.npmjs.org/flat-cache/-/flat-cache-4.0.1.tgz. Extracting by manifest.
717 silly tarball no local data for dlv@https://registry.npmjs.org/dlv/-/dlv-1.1.3.tgz. Extracting by manifest.
718 silly tarball no local data for detect-node-es@https://registry.npmjs.org/detect-node-es/-/detect-node-es-1.1.0.tgz. Extracting by manifest.
719 silly tarball no local data for deep-is@https://registry.npmjs.org/deep-is/-/deep-is-0.1.4.tgz. Extracting by manifest.
720 silly tarball no local data for decimal.js-light@https://registry.npmjs.org/decimal.js-light/-/decimal.js-light-2.5.1.tgz. Extracting by manifest.
721 silly tarball no local data for d3-timer@https://registry.npmjs.org/d3-timer/-/d3-timer-3.0.1.tgz. Extracting by manifest.
722 silly tarball no local data for debug@https://registry.npmjs.org/debug/-/debug-4.3.7.tgz. Extracting by manifest.
723 silly tarball no local data for date-fns@https://registry.npmjs.org/date-fns/-/date-fns-3.6.0.tgz. Extracting by manifest.
724 silly tarball no local data for d3-time-format@https://registry.npmjs.org/d3-time-format/-/d3-time-format-4.1.0.tgz. Extracting by manifest.
725 silly tarball no local data for d3-time@https://registry.npmjs.org/d3-time/-/d3-time-3.1.0.tgz. Extracting by manifest.
726 silly tarball no local data for d3-path@https://registry.npmjs.org/d3-path/-/d3-path-3.1.0.tgz. Extracting by manifest.
727 silly tarball no local data for d3-shape@https://registry.npmjs.org/d3-shape/-/d3-shape-3.2.0.tgz. Extracting by manifest.
728 silly tarball no local data for eslint-plugin-react-refresh@https://registry.npmjs.org/eslint-plugin-react-refresh/-/eslint-plugin-react-refresh-0.4.20.tgz. Extracting by manifest.
729 silly tarball no local data for d3-scale@https://registry.npmjs.org/d3-scale/-/d3-scale-4.0.2.tgz. Extracting by manifest.
730 silly tarball no local data for d3-ease@https://registry.npmjs.org/d3-ease/-/d3-ease-3.0.1.tgz. Extracting by manifest.
731 silly tarball no local data for d3-color@https://registry.npmjs.org/d3-color/-/d3-color-3.1.0.tgz. Extracting by manifest.
732 silly tarball no local data for d3-format@https://registry.npmjs.org/d3-format/-/d3-format-3.1.0.tgz. Extracting by manifest.
733 silly tarball no local data for d3-array@https://registry.npmjs.org/d3-array/-/d3-array-3.2.4.tgz. Extracting by manifest.
734 silly tarball no local data for cssesc@https://registry.npmjs.org/cssesc/-/cssesc-3.0.0.tgz. Extracting by manifest.
735 silly tarball no local data for eastasianwidth@https://registry.npmjs.org/eastasianwidth/-/eastasianwidth-0.2.0.tgz. Extracting by manifest.
736 silly tarball no local data for csstype@https://registry.npmjs.org/csstype/-/csstype-3.1.3.tgz. Extracting by manifest.
737 silly tarball no local data for cross-spawn@https://registry.npmjs.org/cross-spawn/-/cross-spawn-7.0.6.tgz. Extracting by manifest.
738 silly tarball no local data for color-name@https://registry.npmjs.org/color-name/-/color-name-1.1.4.tgz. Extracting by manifest.
739 silly tarball no local data for commander@https://registry.npmjs.org/commander/-/commander-4.1.1.tgz. Extracting by manifest.
740 silly tarball no local data for concat-map@https://registry.npmjs.org/concat-map/-/concat-map-0.0.1.tgz. Extracting by manifest.
741 silly tarball no local data for color-convert@https://registry.npmjs.org/color-convert/-/color-convert-2.0.1.tgz. Extracting by manifest.
742 silly tarball no local data for cmdk@https://registry.npmjs.org/cmdk/-/cmdk-1.1.1.tgz. Extracting by manifest.
743 silly tarball no local data for clsx@https://registry.npmjs.org/clsx/-/clsx-2.1.1.tgz. Extracting by manifest.
744 silly tarball no local data for class-variance-authority@https://registry.npmjs.org/class-variance-authority/-/class-variance-authority-0.7.1.tgz. Extracting by manifest.
745 silly tarball no local data for chalk@https://registry.npmjs.org/chalk/-/chalk-4.1.2.tgz. Extracting by manifest.
746 silly tarball no local data for chokidar@https://registry.npmjs.org/chokidar/-/chokidar-3.6.0.tgz. Extracting by manifest.
747 silly tarball no local data for camelcase-css@https://registry.npmjs.org/camelcase-css/-/camelcase-css-2.0.1.tgz. Extracting by manifest.
748 silly tarball no local data for callsites@https://registry.npmjs.org/callsites/-/callsites-3.1.0.tgz. Extracting by manifest.
749 silly tarball no local data for d3-interpolate@https://registry.npmjs.org/d3-interpolate/-/d3-interpolate-3.0.1.tgz. Extracting by manifest.
750 silly tarball no local data for browserslist@https://registry.npmjs.org/browserslist/-/browserslist-4.25.1.tgz. Extracting by manifest.
751 silly tarball no local data for brace-expansion@https://registry.npmjs.org/brace-expansion/-/brace-expansion-1.1.12.tgz. Extracting by manifest.
752 silly tarball no local data for balanced-match@https://registry.npmjs.org/balanced-match/-/balanced-match-1.0.2.tgz. Extracting by manifest.
753 silly tarball no local data for binary-extensions@https://registry.npmjs.org/binary-extensions/-/binary-extensions-2.3.0.tgz. Extracting by manifest.
754 silly tarball no local data for autoprefixer@https://registry.npmjs.org/autoprefixer/-/autoprefixer-10.4.21.tgz. Extracting by manifest.
755 silly tarball no local data for aria-hidden@https://registry.npmjs.org/aria-hidden/-/aria-hidden-1.2.4.tgz. Extracting by manifest.
756 silly tarball no local data for argparse@https://registry.npmjs.org/argparse/-/argparse-2.0.1.tgz. Extracting by manifest.
757 silly tarball no local data for arg@https://registry.npmjs.org/arg/-/arg-5.0.2.tgz. Extracting by manifest.
758 silly tarball no local data for anymatch@https://registry.npmjs.org/anymatch/-/anymatch-3.1.3.tgz. Extracting by manifest.
759 silly tarball no local data for any-promise@https://registry.npmjs.org/any-promise/-/any-promise-1.3.0.tgz. Extracting by manifest.
760 silly tarball no local data for braces@https://registry.npmjs.org/braces/-/braces-3.0.3.tgz. Extracting by manifest.
761 silly tarball no local data for ansi-styles@https://registry.npmjs.org/ansi-styles/-/ansi-styles-4.3.0.tgz. Extracting by manifest.
762 silly tarball no local data for caniuse-lite@https://registry.npmjs.org/caniuse-lite/-/caniuse-lite-1.0.30001727.tgz. Extracting by manifest.
763 silly tarball no local data for ansi-regex@https://registry.npmjs.org/ansi-regex/-/ansi-regex-6.1.0.tgz. Extracting by manifest.
764 silly tarball no local data for acorn-jsx@https://registry.npmjs.org/acorn-jsx/-/acorn-jsx-5.3.2.tgz. Extracting by manifest.
765 silly tarball no local data for ajv@https://registry.npmjs.org/ajv/-/ajv-6.12.6.tgz. Extracting by manifest.
766 silly tarball no local data for acorn@https://registry.npmjs.org/acorn/-/acorn-8.15.0.tgz. Extracting by manifest.
767 silly tarball no local data for @typescript-eslint/types@https://registry.npmjs.org/@typescript-eslint/types/-/types-8.38.0.tgz. Extracting by manifest.
768 silly tarball no local data for @typescript-eslint/visitor-keys@https://registry.npmjs.org/@typescript-eslint/visitor-keys/-/visitor-keys-8.38.0.tgz. Extracting by manifest.
769 silly tarball no local data for @typescript-eslint/typescript-estree@https://registry.npmjs.org/@typescript-eslint/typescript-estree/-/typescript-estree-8.38.0.tgz. Extracting by manifest.
770 silly tarball no local data for @typescript-eslint/utils@https://registry.npmjs.org/@typescript-eslint/utils/-/utils-8.38.0.tgz. Extracting by manifest.
771 silly tarball no local data for @vitejs/plugin-react-swc@https://registry.npmjs.org/@vitejs/plugin-react-swc/-/plugin-react-swc-3.11.0.tgz. Extracting by manifest.
772 silly tarball no local data for @typescript-eslint/type-utils@https://registry.npmjs.org/@typescript-eslint/type-utils/-/type-utils-8.38.0.tgz. Extracting by manifest.
773 silly tarball no local data for @typescript-eslint/tsconfig-utils@https://registry.npmjs.org/@typescript-eslint/tsconfig-utils/-/tsconfig-utils-8.38.0.tgz. Extracting by manifest.
774 silly tarball no local data for @typescript-eslint/eslint-plugin@https://registry.npmjs.org/@typescript-eslint/eslint-plugin/-/eslint-plugin-8.38.0.tgz. Extracting by manifest.
775 silly tarball no local data for @typescript-eslint/project-service@https://registry.npmjs.org/@typescript-eslint/project-service/-/project-service-8.38.0.tgz. Extracting by manifest.
776 silly tarball no local data for @typescript-eslint/parser@https://registry.npmjs.org/@typescript-eslint/parser/-/parser-8.38.0.tgz. Extracting by manifest.
777 silly tarball no local data for @typescript-eslint/scope-manager@https://registry.npmjs.org/@typescript-eslint/scope-manager/-/scope-manager-8.38.0.tgz. Extracting by manifest.
778 silly tarball no local data for @types/react@https://registry.npmjs.org/@types/react/-/react-18.3.23.tgz. Extracting by manifest.
779 silly tarball no local data for @types/prop-types@https://registry.npmjs.org/@types/prop-types/-/prop-types-15.7.13.tgz. Extracting by manifest.
780 silly tarball no local data for @types/estree@https://registry.npmjs.org/@types/estree/-/estree-1.0.6.tgz. Extracting by manifest.
781 silly tarball no local data for @types/node@https://registry.npmjs.org/@types/node/-/node-22.16.5.tgz. Extracting by manifest.
782 silly tarball no local data for @types/json-schema@https://registry.npmjs.org/@types/json-schema/-/json-schema-7.0.15.tgz. Extracting by manifest.
783 silly tarball no local data for @types/react-dom@https://registry.npmjs.org/@types/react-dom/-/react-dom-18.3.7.tgz. Extracting by manifest.
784 silly tarball no local data for @types/d3-timer@https://registry.npmjs.org/@types/d3-timer/-/d3-timer-3.0.2.tgz. Extracting by manifest.
785 silly tarball no local data for @types/d3-shape@https://registry.npmjs.org/@types/d3-shape/-/d3-shape-3.1.6.tgz. Extracting by manifest.
786 silly tarball no local data for @types/d3-time@https://registry.npmjs.org/@types/d3-time/-/d3-time-3.0.3.tgz. Extracting by manifest.
787 silly tarball no local data for @types/d3-scale@https://registry.npmjs.org/@types/d3-scale/-/d3-scale-4.0.8.tgz. Extracting by manifest.
788 silly tarball no local data for @types/d3-interpolate@https://registry.npmjs.org/@types/d3-interpolate/-/d3-interpolate-3.0.4.tgz. Extracting by manifest.
789 silly tarball no local data for @types/d3-path@https://registry.npmjs.org/@types/d3-path/-/d3-path-3.1.0.tgz. Extracting by manifest.
790 silly tarball no local data for @tanstack/query-core@https://registry.npmjs.org/@tanstack/query-core/-/query-core-5.83.0.tgz. Extracting by manifest.
791 silly tarball no local data for @tanstack/react-query@https://registry.npmjs.org/@tanstack/react-query/-/react-query-5.83.0.tgz. Extracting by manifest.
792 silly tarball no local data for @types/d3-color@https://registry.npmjs.org/@types/d3-color/-/d3-color-3.1.3.tgz. Extracting by manifest.
793 silly tarball no local data for @types/d3-array@https://registry.npmjs.org/@types/d3-array/-/d3-array-3.2.1.tgz. Extracting by manifest.
794 silly tarball no local data for @tailwindcss/typography@https://registry.npmjs.org/@tailwindcss/typography/-/typography-0.5.16.tgz. Extracting by manifest.
795 silly tarball no local data for @types/d3-ease@https://registry.npmjs.org/@types/d3-ease/-/d3-ease-3.0.2.tgz. Extracting by manifest.
796 silly tarball no local data for @swc/types@https://registry.npmjs.org/@swc/types/-/types-0.1.23.tgz. Extracting by manifest.
797 silly tarball no local data for @swc/core-win32-x64-msvc@https://registry.npmjs.org/@swc/core-win32-x64-msvc/-/core-win32-x64-msvc-1.13.2.tgz. Extracting by manifest.
798 silly tarball no local data for @swc/counter@https://registry.npmjs.org/@swc/counter/-/counter-0.1.3.tgz. Extracting by manifest.
799 silly tarball no local data for @remix-run/router@https://registry.npmjs.org/@remix-run/router/-/router-1.23.0.tgz. Extracting by manifest.
800 silly tarball no local data for @rolldown/pluginutils@https://registry.npmjs.org/@rolldown/pluginutils/-/pluginutils-1.0.0-beta.27.tgz. Extracting by manifest.
801 silly tarball no local data for @rollup/rollup-win32-x64-msvc@https://registry.npmjs.org/@rollup/rollup-win32-x64-msvc/-/rollup-win32-x64-msvc-4.24.0.tgz. Extracting by manifest.
802 silly tarball no local data for @swc/core@https://registry.npmjs.org/@swc/core/-/core-1.13.2.tgz. Extracting by manifest.
803 silly tarball no local data for @radix-ui/rect@https://registry.npmjs.org/@radix-ui/rect/-/rect-1.1.1.tgz. Extracting by manifest.
804 silly tarball no local data for @radix-ui/react-visually-hidden@https://registry.npmjs.org/@radix-ui/react-visually-hidden/-/react-visually-hidden-1.2.3.tgz. Extracting by manifest.
805 silly tarball no local data for @radix-ui/react-use-size@https://registry.npmjs.org/@radix-ui/react-use-size/-/react-use-size-1.1.1.tgz. Extracting by manifest.
806 silly tarball no local data for @radix-ui/react-use-rect@https://registry.npmjs.org/@radix-ui/react-use-rect/-/react-use-rect-1.1.1.tgz. Extracting by manifest.
807 silly tarball no local data for @radix-ui/react-use-previous@https://registry.npmjs.org/@radix-ui/react-use-previous/-/react-use-previous-1.1.1.tgz. Extracting by manifest.
808 silly tarball no local data for @radix-ui/react-use-layout-effect@https://registry.npmjs.org/@radix-ui/react-use-layout-effect/-/react-use-layout-effect-1.1.1.tgz. Extracting by manifest.
809 silly tarball no local data for @radix-ui/react-use-controllable-state@https://registry.npmjs.org/@radix-ui/react-use-controllable-state/-/react-use-controllable-state-1.2.2.tgz. Extracting by manifest.
810 silly tarball no local data for @radix-ui/react-use-effect-event@https://registry.npmjs.org/@radix-ui/react-use-effect-event/-/react-use-effect-event-0.0.2.tgz. Extracting by manifest.
811 silly tarball no local data for @radix-ui/react-use-is-hydrated@https://registry.npmjs.org/@radix-ui/react-use-is-hydrated/-/react-use-is-hydrated-0.1.0.tgz. Extracting by manifest.
812 silly tarball no local data for @radix-ui/react-use-callback-ref@https://registry.npmjs.org/@radix-ui/react-use-callback-ref/-/react-use-callback-ref-1.1.1.tgz. Extracting by manifest.
813 silly tarball no local data for @radix-ui/react-tooltip@https://registry.npmjs.org/@radix-ui/react-tooltip/-/react-tooltip-1.2.7.tgz. Extracting by manifest.
814 silly tarball no local data for @radix-ui/react-use-escape-keydown@https://registry.npmjs.org/@radix-ui/react-use-escape-keydown/-/react-use-escape-keydown-1.1.1.tgz. Extracting by manifest.
815 silly tarball no local data for @radix-ui/react-toast@https://registry.npmjs.org/@radix-ui/react-toast/-/react-toast-1.2.14.tgz. Extracting by manifest.
816 silly tarball no local data for @radix-ui/react-tabs@https://registry.npmjs.org/@radix-ui/react-tabs/-/react-tabs-1.1.12.tgz. Extracting by manifest.
817 silly tarball no local data for @radix-ui/react-toggle@https://registry.npmjs.org/@radix-ui/react-toggle/-/react-toggle-1.1.9.tgz. Extracting by manifest.
818 silly tarball no local data for @radix-ui/react-toggle-group@https://registry.npmjs.org/@radix-ui/react-toggle-group/-/react-toggle-group-1.1.10.tgz. Extracting by manifest.
819 silly tarball no local data for @radix-ui/react-slider@https://registry.npmjs.org/@radix-ui/react-slider/-/react-slider-1.3.5.tgz. Extracting by manifest.
820 silly tarball no local data for @radix-ui/react-switch@https://registry.npmjs.org/@radix-ui/react-switch/-/react-switch-1.2.5.tgz. Extracting by manifest.
821 silly tarball no local data for @radix-ui/react-separator@https://registry.npmjs.org/@radix-ui/react-separator/-/react-separator-1.1.7.tgz. Extracting by manifest.
822 silly tarball no local data for @radix-ui/react-scroll-area@https://registry.npmjs.org/@radix-ui/react-scroll-area/-/react-scroll-area-1.2.9.tgz. Extracting by manifest.
823 silly tarball no local data for @radix-ui/react-roving-focus@https://registry.npmjs.org/@radix-ui/react-roving-focus/-/react-roving-focus-1.1.10.tgz. Extracting by manifest.
824 silly tarball no local data for @radix-ui/react-select@https://registry.npmjs.org/@radix-ui/react-select/-/react-select-2.2.5.tgz. Extracting by manifest.
825 silly tarball no local data for @radix-ui/react-slot@https://registry.npmjs.org/@radix-ui/react-slot/-/react-slot-1.2.3.tgz. Extracting by manifest.
826 silly tarball no local data for @radix-ui/react-progress@https://registry.npmjs.org/@radix-ui/react-progress/-/react-progress-1.1.7.tgz. Extracting by manifest.
827 silly tarball no local data for @radix-ui/react-primitive@https://registry.npmjs.org/@radix-ui/react-primitive/-/react-primitive-2.1.3.tgz. Extracting by manifest.
828 silly tarball no local data for @radix-ui/react-popover@https://registry.npmjs.org/@radix-ui/react-popover/-/react-popover-1.1.14.tgz. Extracting by manifest.
829 silly tarball no local data for @radix-ui/react-popper@https://registry.npmjs.org/@radix-ui/react-popper/-/react-popper-1.2.7.tgz. Extracting by manifest.
830 silly tarball no local data for @radix-ui/react-presence@https://registry.npmjs.org/@radix-ui/react-presence/-/react-presence-1.1.4.tgz. Extracting by manifest.
831 silly tarball no local data for @radix-ui/react-menubar@https://registry.npmjs.org/@radix-ui/react-menubar/-/react-menubar-1.1.15.tgz. Extracting by manifest.
832 silly tarball no local data for @radix-ui/react-navigation-menu@https://registry.npmjs.org/@radix-ui/react-navigation-menu/-/react-navigation-menu-1.2.13.tgz. Extracting by manifest.
833 silly tarball no local data for @radix-ui/react-portal@https://registry.npmjs.org/@radix-ui/react-portal/-/react-portal-1.1.9.tgz. Extracting by manifest.
834 silly tarball no local data for @radix-ui/react-menu@https://registry.npmjs.org/@radix-ui/react-menu/-/react-menu-2.1.15.tgz. Extracting by manifest.
835 silly tarball no local data for @radix-ui/react-radio-group@https://registry.npmjs.org/@radix-ui/react-radio-group/-/react-radio-group-1.3.7.tgz. Extracting by manifest.
836 silly tarball no local data for @radix-ui/react-label@https://registry.npmjs.org/@radix-ui/react-label/-/react-label-2.1.7.tgz. Extracting by manifest.
837 silly tarball no local data for @radix-ui/react-id@https://registry.npmjs.org/@radix-ui/react-id/-/react-id-1.1.1.tgz. Extracting by manifest.
838 silly tarball no local data for @radix-ui/react-hover-card@https://registry.npmjs.org/@radix-ui/react-hover-card/-/react-hover-card-1.1.14.tgz. Extracting by manifest.
839 silly tarball no local data for @radix-ui/react-dropdown-menu@https://registry.npmjs.org/@radix-ui/react-dropdown-menu/-/react-dropdown-menu-2.1.15.tgz. Extracting by manifest.
840 silly tarball no local data for @radix-ui/react-direction@https://registry.npmjs.org/@radix-ui/react-direction/-/react-direction-1.1.1.tgz. Extracting by manifest.
841 silly tarball no local data for @radix-ui/react-focus-scope@https://registry.npmjs.org/@radix-ui/react-focus-scope/-/react-focus-scope-1.1.7.tgz. Extracting by manifest.
842 silly tarball no local data for @radix-ui/react-focus-guards@https://registry.npmjs.org/@radix-ui/react-focus-guards/-/react-focus-guards-1.1.2.tgz. Extracting by manifest.
843 silly tarball no local data for @radix-ui/react-dialog@https://registry.npmjs.org/@radix-ui/react-dialog/-/react-dialog-1.1.14.tgz. Extracting by manifest.
844 silly tarball no local data for @radix-ui/react-context-menu@https://registry.npmjs.org/@radix-ui/react-context-menu/-/react-context-menu-2.2.15.tgz. Extracting by manifest.
845 silly tarball no local data for @radix-ui/react-context@https://registry.npmjs.org/@radix-ui/react-context/-/react-context-1.1.2.tgz. Extracting by manifest.
846 silly tarball no local data for @radix-ui/react-collection@https://registry.npmjs.org/@radix-ui/react-collection/-/react-collection-1.1.7.tgz. Extracting by manifest.
847 silly tarball no local data for @radix-ui/react-avatar@https://registry.npmjs.org/@radix-ui/react-avatar/-/react-avatar-1.1.10.tgz. Extracting by manifest.
848 silly tarball no local data for @radix-ui/react-compose-refs@https://registry.npmjs.org/@radix-ui/react-compose-refs/-/react-compose-refs-1.1.2.tgz. Extracting by manifest.
849 silly tarball no local data for @radix-ui/react-collapsible@https://registry.npmjs.org/@radix-ui/react-collapsible/-/react-collapsible-1.1.11.tgz. Extracting by manifest.
850 silly tarball no local data for @radix-ui/react-checkbox@https://registry.npmjs.org/@radix-ui/react-checkbox/-/react-checkbox-1.3.2.tgz. Extracting by manifest.
851 silly tarball no local data for @radix-ui/react-dismissable-layer@https://registry.npmjs.org/@radix-ui/react-dismissable-layer/-/react-dismissable-layer-1.1.10.tgz. Extracting by manifest.
852 silly tarball no local data for @radix-ui/react-aspect-ratio@https://registry.npmjs.org/@radix-ui/react-aspect-ratio/-/react-aspect-ratio-1.1.7.tgz. Extracting by manifest.
853 silly tarball no local data for @radix-ui/react-arrow@https://registry.npmjs.org/@radix-ui/react-arrow/-/react-arrow-1.1.7.tgz. Extracting by manifest.
854 silly tarball no local data for @radix-ui/react-alert-dialog@https://registry.npmjs.org/@radix-ui/react-alert-dialog/-/react-alert-dialog-1.1.14.tgz. Extracting by manifest.
855 silly tarball no local data for @radix-ui/react-accordion@https://registry.npmjs.org/@radix-ui/react-accordion/-/react-accordion-1.2.11.tgz. Extracting by manifest.
856 silly tarball no local data for @radix-ui/primitive@https://registry.npmjs.org/@radix-ui/primitive/-/primitive-1.1.2.tgz. Extracting by manifest.
857 silly tarball no local data for @pkgjs/parseargs@https://registry.npmjs.org/@pkgjs/parseargs/-/parseargs-0.11.0.tgz. Extracting by manifest.
858 silly tarball no local data for @jridgewell/trace-mapping@https://registry.npmjs.org/@jridgewell/trace-mapping/-/trace-mapping-0.3.25.tgz. Extracting by manifest.
859 silly tarball no local data for @radix-ui/number@https://registry.npmjs.org/@radix-ui/number/-/number-1.1.1.tgz. Extracting by manifest.
860 silly tarball no local data for @jridgewell/sourcemap-codec@https://registry.npmjs.org/@jridgewell/sourcemap-codec/-/sourcemap-codec-1.5.0.tgz. Extracting by manifest.
861 silly tarball no local data for @jridgewell/set-array@https://registry.npmjs.org/@jridgewell/set-array/-/set-array-1.2.1.tgz. Extracting by manifest.
862 silly tarball no local data for @nodelib/fs.walk@https://registry.npmjs.org/@nodelib/fs.walk/-/fs.walk-1.2.8.tgz. Extracting by manifest.
863 silly tarball no local data for @nodelib/fs.scandir@https://registry.npmjs.org/@nodelib/fs.scandir/-/fs.scandir-2.1.5.tgz. Extracting by manifest.
864 silly tarball no local data for @jridgewell/resolve-uri@https://registry.npmjs.org/@jridgewell/resolve-uri/-/resolve-uri-3.1.2.tgz. Extracting by manifest.
865 silly tarball no local data for @isaacs/cliui@https://registry.npmjs.org/@isaacs/cliui/-/cliui-8.0.2.tgz. Extracting by manifest.
866 silly tarball no local data for @jridgewell/gen-mapping@https://registry.npmjs.org/@jridgewell/gen-mapping/-/gen-mapping-0.3.5.tgz. Extracting by manifest.
867 silly tarball no local data for @nodelib/fs.stat@https://registry.npmjs.org/@nodelib/fs.stat/-/fs.stat-2.0.5.tgz. Extracting by manifest.
868 silly tarball no local data for @humanwhocodes/retry@https://registry.npmjs.org/@humanwhocodes/retry/-/retry-0.4.3.tgz. Extracting by manifest.
869 silly tarball no local data for @humanfs/core@https://registry.npmjs.org/@humanfs/core/-/core-0.19.1.tgz. Extracting by manifest.
870 silly tarball no local data for @humanfs/node@https://registry.npmjs.org/@humanfs/node/-/node-0.16.6.tgz. Extracting by manifest.
871 silly tarball no local data for @floating-ui/utils@https://registry.npmjs.org/@floating-ui/utils/-/utils-0.2.10.tgz. Extracting by manifest.
872 silly tarball no local data for @floating-ui/react-dom@https://registry.npmjs.org/@floating-ui/react-dom/-/react-dom-2.1.4.tgz. Extracting by manifest.
873 silly tarball no local data for @floating-ui/dom@https://registry.npmjs.org/@floating-ui/dom/-/dom-1.7.2.tgz. Extracting by manifest.
874 silly tarball no local data for @floating-ui/core@https://registry.npmjs.org/@floating-ui/core/-/core-1.7.2.tgz. Extracting by manifest.
875 silly tarball no local data for @eslint/object-schema@https://registry.npmjs.org/@eslint/object-schema/-/object-schema-2.1.6.tgz. Extracting by manifest.
876 silly tarball no local data for @eslint/plugin-kit@https://registry.npmjs.org/@eslint/plugin-kit/-/plugin-kit-0.3.4.tgz. Extracting by manifest.
877 silly tarball no local data for @eslint/js@https://registry.npmjs.org/@eslint/js/-/js-9.32.0.tgz. Extracting by manifest.
878 silly tarball no local data for @eslint/core@https://registry.npmjs.org/@eslint/core/-/core-0.15.1.tgz. Extracting by manifest.
879 silly tarball no local data for @hookform/resolvers@https://registry.npmjs.org/@hookform/resolvers/-/resolvers-3.10.0.tgz. Extracting by manifest.
880 silly tarball no local data for @eslint/eslintrc@https://registry.npmjs.org/@eslint/eslintrc/-/eslintrc-3.3.1.tgz. Extracting by manifest.
881 silly tarball no local data for @humanwhocodes/module-importer@https://registry.npmjs.org/@humanwhocodes/module-importer/-/module-importer-1.0.1.tgz. Extracting by manifest.
882 silly tarball no local data for @eslint/config-helpers@https://registry.npmjs.org/@eslint/config-helpers/-/config-helpers-0.3.0.tgz. Extracting by manifest.
883 silly tarball no local data for @eslint/config-array@https://registry.npmjs.org/@eslint/config-array/-/config-array-0.21.0.tgz. Extracting by manifest.
884 silly tarball no local data for @alloc/quick-lru@https://registry.npmjs.org/@alloc/quick-lru/-/quick-lru-5.2.0.tgz. Extracting by manifest.
885 silly tarball no local data for @babel/runtime@https://registry.npmjs.org/@babel/runtime/-/runtime-7.28.2.tgz. Extracting by manifest.
886 silly tarball no local data for @esbuild/win32-x64@https://registry.npmjs.org/@esbuild/win32-x64/-/win32-x64-0.21.5.tgz. Extracting by manifest.
887 silly tarball no local data for @eslint-community/regexpp@https://registry.npmjs.org/@eslint-community/regexpp/-/regexpp-4.12.1.tgz. Extracting by manifest.
888 silly tarball no local data for ansi-styles@https://registry.npmjs.org/ansi-styles/-/ansi-styles-6.2.1.tgz. Extracting by manifest.
889 silly tarball no local data for @eslint-community/eslint-utils@https://registry.npmjs.org/@eslint-community/eslint-utils/-/eslint-utils-4.7.0.tgz. Extracting by manifest.
890 silly tarball no local data for strip-ansi@https://registry.npmjs.org/strip-ansi/-/strip-ansi-6.0.1.tgz. Extracting by manifest.
891 silly tarball no local data for ansi-regex@https://registry.npmjs.org/ansi-regex/-/ansi-regex-5.0.1.tgz. Extracting by manifest.
892 silly tarball no local data for emoji-regex@https://registry.npmjs.org/emoji-regex/-/emoji-regex-8.0.0.tgz. Extracting by manifest.
893 silly tarball no local data for ansi-regex@https://registry.npmjs.org/ansi-regex/-/ansi-regex-5.0.1.tgz. Extracting by manifest.
894 silly tarball no local data for strip-ansi@https://registry.npmjs.org/strip-ansi/-/strip-ansi-6.0.1.tgz. Extracting by manifest.
895 silly tarball no local data for ansi-regex@https://registry.npmjs.org/ansi-regex/-/ansi-regex-5.0.1.tgz. Extracting by manifest.
896 silly tarball no local data for react-is@https://registry.npmjs.org/react-is/-/react-is-16.13.1.tgz. Extracting by manifest.
897 silly tarball no local data for brace-expansion@https://registry.npmjs.org/brace-expansion/-/brace-expansion-2.0.2.tgz. Extracting by manifest.
898 silly tarball no local data for string-width@https://registry.npmjs.org/string-width/-/string-width-4.2.3.tgz. Extracting by manifest.
899 silly tarball no local data for @esbuild/win32-x64@https://registry.npmjs.org/@esbuild/win32-x64/-/win32-x64-0.25.0.tgz. Extracting by manifest.
900 silly tarball no local data for minimatch@https://registry.npmjs.org/minimatch/-/minimatch-9.0.5.tgz. Extracting by manifest.
901 silly tarball no local data for emoji-regex@https://registry.npmjs.org/emoji-regex/-/emoji-regex-8.0.0.tgz. Extracting by manifest.
902 silly tarball no local data for glob-parent@https://registry.npmjs.org/glob-parent/-/glob-parent-5.1.2.tgz. Extracting by manifest.
903 silly tarball no local data for glob-parent@https://registry.npmjs.org/glob-parent/-/glob-parent-5.1.2.tgz. Extracting by manifest.
904 silly tarball no local data for minimatch@https://registry.npmjs.org/minimatch/-/minimatch-9.0.5.tgz. Extracting by manifest.
905 silly tarball no local data for brace-expansion@https://registry.npmjs.org/brace-expansion/-/brace-expansion-2.0.2.tgz. Extracting by manifest.
906 silly tarball no local data for esbuild@https://registry.npmjs.org/esbuild/-/esbuild-0.25.0.tgz. Extracting by manifest.
907 silly tarball no local data for ignore@https://registry.npmjs.org/ignore/-/ignore-7.0.5.tgz. Extracting by manifest.
908 silly tarball no local data for postcss-selector-parser@https://registry.npmjs.org/postcss-selector-parser/-/postcss-selector-parser-6.0.10.tgz. Extracting by manifest.
909 silly tarball no local data for globals@https://registry.npmjs.org/globals/-/globals-14.0.0.tgz. Extracting by manifest.
910 silly tarball no local data for @humanwhocodes/retry@https://registry.npmjs.org/@humanwhocodes/retry/-/retry-0.3.1.tgz. Extracting by manifest.
911 silly tarball no local data for eslint-visitor-keys@https://registry.npmjs.org/eslint-visitor-keys/-/eslint-visitor-keys-3.4.3.tgz. Extracting by manifest.
912 http fetch GET 200 https://registry.npmjs.org/which/-/which-2.0.2.tgz 476ms (cache miss)
913 http fetch GET 200 https://registry.npmjs.org/wrap-ansi/-/wrap-ansi-8.1.0.tgz 478ms (cache miss)
914 http fetch GET 200 https://registry.npmjs.org/vaul/-/vaul-0.9.9.tgz 488ms (cache miss)
915 http fetch GET 200 https://registry.npmjs.org/use-sidecar/-/use-sidecar-1.1.3.tgz 520ms (cache miss)
916 http fetch GET 200 https://registry.npmjs.org/wrap-ansi/-/wrap-ansi-7.0.0.tgz 705ms (cache miss)
917 http fetch GET 200 https://registry.npmjs.org/use-sync-external-store/-/use-sync-external-store-1.5.0.tgz 726ms (cache miss)
918 http fetch GET 200 https://registry.npmjs.org/word-wrap/-/word-wrap-1.2.5.tgz 731ms (cache miss)
919 http fetch GET 200 https://registry.npmjs.org/undici-types/-/undici-types-6.21.0.tgz 738ms (cache miss)
920 http fetch POST 200 https://registry.npmjs.org/-/npm/v1/security/advisories/bulk 845ms
921 silly audit report {
921 silly audit report   '@remix-run/router': [
921 silly audit report     {
921 silly audit report       id: 1111965,
921 silly audit report       url: 'https://github.com/advisories/GHSA-2w69-qvjg-hvjx',
921 silly audit report       title: 'React Router vulnerable to XSS via Open Redirects',
921 silly audit report       severity: 'high',
921 silly audit report       vulnerable_versions: '<=1.23.1',
921 silly audit report       cwe: [Array],
921 silly audit report       cvss: [Object]
921 silly audit report     }
921 silly audit report   ],
921 silly audit report   esbuild: [
921 silly audit report     {
921 silly audit report       id: 1102341,
921 silly audit report       url: 'https://github.com/advisories/GHSA-67mh-4wv8-2f99',
921 silly audit report       title: 'esbuild enables any website to send any requests to the development server and read the response',
921 silly audit report       severity: 'moderate',
921 silly audit report       vulnerable_versions: '<=0.24.2',
921 silly audit report       cwe: [Array],
921 silly audit report       cvss: [Object]
921 silly audit report     }
921 silly audit report   ],
921 silly audit report   glob: [
921 silly audit report     {
921 silly audit report       id: 1109842,
921 silly audit report       url: 'https://github.com/advisories/GHSA-5j98-mcp5-4vw2',
921 silly audit report       title: 'glob CLI: Command injection via -c/--cmd executes matches with shell:true',
921 silly audit report       severity: 'high',
921 silly audit report       vulnerable_versions: '>=10.2.0 <10.5.0',
921 silly audit report       cwe: [Array],
921 silly audit report       cvss: [Object]
921 silly audit report     }
921 silly audit report   ],
921 silly audit report   'js-yaml': [
921 silly audit report     {
921 silly audit report       id: 1109802,
921 silly audit report       url: 'https://github.com/advisories/GHSA-mh29-5h37-fv8m',
921 silly audit report       title: 'js-yaml has prototype pollution in merge (<<)',
921 silly audit report       severity: 'moderate',
921 silly audit report       vulnerable_versions: '>=4.0.0 <4.1.1',
921 silly audit report       cwe: [Array],
921 silly audit report       cvss: [Object]
921 silly audit report     }
921 silly audit report   ],
921 silly audit report   'react-router': [
921 silly audit report     {
921 silly audit report       id: 1111970,
921 silly audit report       url: 'https://github.com/advisories/GHSA-9jcx-v3wj-wh4m',
921 silly audit report       title: 'React Router has unexpected external redirect via untrusted paths',
921 silly audit report       severity: 'moderate',
921 silly audit report       vulnerable_versions: '>=6.0.0 <6.30.2',
921 silly audit report       cwe: [Array],
921 silly audit report       cvss: [Object]
921 silly audit report     }
921 silly audit report   ],
921 silly audit report   vite: [
921 silly audit report     {
921 silly audit report       id: 1107323,
921 silly audit report       url: 'https://github.com/advisories/GHSA-g4jq-h2w9-997c',
921 silly audit report       title: 'Vite middleware may serve files starting with the same name with the public directory',
921 silly audit report       severity: 'low',
921 silly audit report       vulnerable_versions: '<=5.4.19',
921 silly audit report       cwe: [Array],
921 silly audit report       cvss: [Object]
921 silly audit report     },
921 silly audit report     {
921 silly audit report       id: 1107327,
921 silly audit report       url: 'https://github.com/advisories/GHSA-jqfw-vq24-v9c3',
921 silly audit report       title: "Vite's `server.fs` settings were not applied to HTML files",
921 silly audit report       severity: 'low',
921 silly audit report       vulnerable_versions: '<=5.4.19',
921 silly audit report       cwe: [Array],
921 silly audit report       cvss: [Object]
921 silly audit report     },
921 silly audit report     {
921 silly audit report       id: 1109131,
921 silly audit report       url: 'https://github.com/advisories/GHSA-93m4-6634-74q7',
921 silly audit report       title: 'vite allows server.fs.deny bypass via backslash on Windows',
921 silly audit report       severity: 'moderate',
921 silly audit report       vulnerable_versions: '>=5.2.6 <=5.4.20',
921 silly audit report       cwe: [Array],
921 silly audit report       cvss: [Object]
921 silly audit report     }
921 silly audit report   ]
921 silly audit report }
922 silly packumentCache corgi:https://registry.npmjs.org/@remix-run%2frouter cache-miss
923 silly packumentCache corgi:https://registry.npmjs.org/esbuild cache-miss
924 silly packumentCache corgi:https://registry.npmjs.org/glob cache-miss
925 silly packumentCache corgi:https://registry.npmjs.org/js-yaml cache-miss
926 silly packumentCache corgi:https://registry.npmjs.org/react-router cache-miss
927 silly packumentCache corgi:https://registry.npmjs.org/vite cache-miss
928 http fetch GET 200 https://registry.npmjs.org/yocto-queue/-/yocto-queue-0.1.0.tgz 772ms (cache miss)
929 http fetch GET 200 https://registry.npmjs.org/util-deprecate/-/util-deprecate-1.0.2.tgz 770ms (cache miss)
930 http fetch GET 200 https://registry.npmjs.org/use-callback-ref/-/use-callback-ref-1.3.3.tgz 840ms (cache miss)
931 http fetch GET 200 https://registry.npmjs.org/type-check/-/type-check-0.4.0.tgz 1026ms (cache miss)
932 http fetch GET 200 https://registry.npmjs.org/typescript-eslint/-/typescript-eslint-8.38.0.tgz 1028ms (cache miss)
933 http fetch GET 200 https://registry.npmjs.org/yaml/-/yaml-2.6.0.tgz 1107ms (cache miss)
934 http fetch GET 200 https://registry.npmjs.org/uri-js/-/uri-js-4.4.1.tgz 1144ms (cache miss)
935 http fetch GET 200 https://registry.npmjs.org/ts-interface-checker/-/ts-interface-checker-0.1.13.tgz 1164ms (cache miss)
936 http fetch GET 200 https://registry.npmjs.org/tslib/-/tslib-2.8.0.tgz 1171ms (cache miss)
937 http fetch GET 200 https://registry.npmjs.org/victory-vendor/-/victory-vendor-36.9.2.tgz 1227ms (cache miss)
938 http fetch GET 200 https://registry.npmjs.org/npm 1616ms
939 http fetch GET 200 https://registry.npmjs.org/thenify/-/thenify-3.3.1.tgz 1413ms (cache miss)
940 http fetch GET 200 https://registry.npmjs.org/to-regex-range/-/to-regex-range-5.0.1.tgz 1420ms (cache miss)
941 http fetch GET 200 https://registry.npmjs.org/ts-api-utils/-/ts-api-utils-2.1.0.tgz 1429ms (cache miss)
942 http fetch GET 200 https://registry.npmjs.org/tiny-invariant/-/tiny-invariant-1.3.3.tgz 1429ms (cache miss)
943 http fetch GET 200 https://registry.npmjs.org/tailwindcss-animate/-/tailwindcss-animate-1.0.7.tgz 1597ms (cache miss)
944 http fetch GET 200 https://registry.npmjs.org/thenify-all/-/thenify-all-1.6.0.tgz 1606ms (cache miss)
945 http fetch GET 200 https://registry.npmjs.org/supports-color/-/supports-color-7.2.0.tgz 1778ms (cache miss)
946 http fetch GET 200 https://registry.npmjs.org/strip-json-comments/-/strip-json-comments-3.1.1.tgz 1778ms (cache miss)
947 http fetch GET 200 https://registry.npmjs.org/string-width/-/string-width-4.2.3.tgz 1924ms (cache miss)
948 http fetch GET 200 https://registry.npmjs.org/strip-ansi/-/strip-ansi-6.0.1.tgz 1929ms (cache miss)
949 http fetch GET 200 https://registry.npmjs.org/update-browserslist-db/-/update-browserslist-db-1.1.3.tgz 1936ms (cache miss)
950 http fetch GET 200 https://registry.npmjs.org/string-width/-/string-width-5.1.2.tgz 1939ms (cache miss)
951 http fetch GET 200 https://registry.npmjs.org/vite/-/vite-5.4.19.tgz 1958ms (cache miss)
952 http fetch GET 200 https://registry.npmjs.org/source-map-js/-/source-map-js-1.2.1.tgz 1955ms (cache miss)
953 http fetch GET 200 https://registry.npmjs.org/strip-ansi/-/strip-ansi-7.1.0.tgz 2148ms (cache miss)
954 http fetch GET 200 https://registry.npmjs.org/tailwind-merge/-/tailwind-merge-2.6.0.tgz 2157ms (cache miss)
955 http fetch GET 200 https://registry.npmjs.org/shebang-regex/-/shebang-regex-3.0.0.tgz 2201ms (cache miss)
956 http fetch GET 200 https://registry.npmjs.org/supports-preserve-symlinks-flag/-/supports-preserve-symlinks-flag-1.0.0.tgz 2207ms (cache miss)
957 http fetch GET 200 https://registry.npmjs.org/run-parallel/-/run-parallel-1.2.0.tgz 2260ms (cache miss)
958 http fetch GET 200 https://registry.npmjs.org/reusify/-/reusify-1.0.4.tgz 2266ms (cache miss)
959 http fetch GET 200 https://registry.npmjs.org/shebang-command/-/shebang-command-2.0.0.tgz 2266ms (cache miss)
960 http fetch GET 200 https://registry.npmjs.org/resolve-from/-/resolve-from-4.0.0.tgz 2265ms (cache miss)
961 http fetch GET 200 https://registry.npmjs.org/sucrase/-/sucrase-3.35.0.tgz 2275ms (cache miss)
962 http fetch GET 200 https://registry.npmjs.org/semver/-/semver-7.7.2.tgz 2295ms (cache miss)
963 http fetch GET 200 https://registry.npmjs.org/sonner/-/sonner-1.7.4.tgz 2361ms (cache miss)
964 http fetch GET 200 https://registry.npmjs.org/readdirp/-/readdirp-3.6.0.tgz 2416ms (cache miss)
965 http fetch GET 200 https://registry.npmjs.org/zod/-/zod-3.25.76.tgz 2453ms (cache miss)
966 http fetch GET 200 https://registry.npmjs.org/resolve/-/resolve-1.22.8.tgz 2510ms (cache miss)
967 http fetch GET 200 https://registry.npmjs.org/read-cache/-/read-cache-1.0.0.tgz 2603ms (cache miss)
968 http fetch GET 200 https://registry.npmjs.org/recharts-scale/-/recharts-scale-0.4.5.tgz 2620ms (cache miss)
969 http fetch GET 200 https://registry.npmjs.org/react-transition-group/-/react-transition-group-4.4.5.tgz 2637ms (cache miss)
970 http fetch GET 200 https://registry.npmjs.org/signal-exit/-/signal-exit-4.1.0.tgz 2658ms (cache miss)
971 http fetch GET 200 https://registry.npmjs.org/react-style-singleton/-/react-style-singleton-2.2.3.tgz 2682ms (cache miss)
972 http fetch GET 200 https://registry.npmjs.org/react-remove-scroll/-/react-remove-scroll-2.7.1.tgz 2717ms (cache miss)
973 http fetch GET 200 https://registry.npmjs.org/react-smooth/-/react-smooth-4.0.4.tgz 2730ms (cache miss)
974 http fetch GET 200 https://registry.npmjs.org/react-remove-scroll-bar/-/react-remove-scroll-bar-2.3.8.tgz 2786ms (cache miss)
975 http fetch GET 200 https://registry.npmjs.org/react-is/-/react-is-18.3.1.tgz 2786ms (cache miss)
976 http fetch GET 200 https://registry.npmjs.org/punycode/-/punycode-2.3.1.tgz 3415ms (cache miss)
977 http fetch GET 200 https://registry.npmjs.org/react-resizable-panels/-/react-resizable-panels-2.1.9.tgz 3736ms (cache miss)
978 http fetch GET 200 https://registry.npmjs.org/react-day-picker/-/react-day-picker-8.10.1.tgz 3934ms (cache miss)
979 http fetch GET 200 https://registry.npmjs.org/postcss-selector-parser/-/postcss-selector-parser-6.1.2.tgz 3972ms (cache miss)
980 http fetch GET 200 https://registry.npmjs.org/postcss-value-parser/-/postcss-value-parser-4.2.0.tgz 4056ms (cache miss)
981 http fetch GET 200 https://registry.npmjs.org/react-router-dom/-/react-router-dom-6.30.1.tgz 4287ms (cache miss)
982 http fetch GET 200 https://registry.npmjs.org/postcss-nested/-/postcss-nested-6.2.0.tgz 4577ms (cache miss)
983 http fetch GET 200 https://registry.npmjs.org/postcss-js/-/postcss-js-4.0.1.tgz 4576ms (cache miss)
984 http fetch GET 200 https://registry.npmjs.org/recharts/-/recharts-2.15.4.tgz 4646ms (cache miss)
985 http fetch GET 200 https://registry.npmjs.org/postcss/-/postcss-8.5.6.tgz 4643ms (cache miss)
986 http fetch GET 200 https://registry.npmjs.org/queue-microtask/-/queue-microtask-1.2.3.tgz 4707ms (cache miss)
987 http fetch GET 200 https://registry.npmjs.org/rollup/-/rollup-4.24.0.tgz 4720ms (cache miss)
988 http fetch GET 200 https://registry.npmjs.org/postcss-import/-/postcss-import-15.1.0.tgz 4824ms (cache miss)
989 http fetch GET 200 https://registry.npmjs.org/picocolors/-/picocolors-1.1.1.tgz 4939ms (cache miss)
990 http fetch GET 200 https://registry.npmjs.org/pify/-/pify-2.3.0.tgz 5019ms (cache miss)
991 http fetch GET 200 https://registry.npmjs.org/path-scurry/-/path-scurry-1.11.1.tgz 5021ms (cache miss)
992 http fetch GET 200 https://registry.npmjs.org/path-parse/-/path-parse-1.0.7.tgz 5061ms (cache miss)
993 http fetch GET 200 https://registry.npmjs.org/picomatch/-/picomatch-2.3.1.tgz 5073ms (cache miss)
994 http fetch GET 200 https://registry.npmjs.org/path-key/-/path-key-3.1.1.tgz 5109ms (cache miss)
995 http fetch GET 200 https://registry.npmjs.org/parent-module/-/parent-module-1.0.1.tgz 5135ms (cache miss)
996 http fetch GET 200 https://registry.npmjs.org/package-json-from-dist/-/package-json-from-dist-1.0.1.tgz 5172ms (cache miss)
997 http fetch GET 200 https://registry.npmjs.org/path-exists/-/path-exists-4.0.0.tgz 5192ms (cache miss)
998 http fetch GET 200 https://registry.npmjs.org/prelude-ls/-/prelude-ls-1.2.1.tgz 5202ms (cache miss)
999 http fetch GET 200 https://registry.npmjs.org/p-locate/-/p-locate-5.0.0.tgz 5214ms (cache miss)
1000 http fetch GET 200 https://registry.npmjs.org/scheduler/-/scheduler-0.23.2.tgz 5223ms (cache miss)
1001 http fetch GET 200 https://registry.npmjs.org/react-hook-form/-/react-hook-form-7.61.1.tgz 5229ms (cache miss)
1002 http fetch GET 200 https://registry.npmjs.org/optionator/-/optionator-0.9.4.tgz 5253ms (cache miss)
1003 http fetch GET 200 https://registry.npmjs.org/p-limit/-/p-limit-3.1.0.tgz 5297ms (cache miss)
1004 http fetch GET 200 https://registry.npmjs.org/object-hash/-/object-hash-3.0.0.tgz 5311ms (cache miss)
1005 http fetch GET 200 https://registry.npmjs.org/normalize-path/-/normalize-path-3.0.0.tgz 5400ms (cache miss)
1006 http fetch GET 200 https://registry.npmjs.org/object-assign/-/object-assign-4.1.1.tgz 5406ms (cache miss)
1007 http fetch GET 200 https://registry.npmjs.org/next-themes/-/next-themes-0.3.0.tgz 5407ms (cache miss)
1008 http fetch GET 200 https://registry.npmjs.org/node-releases/-/node-releases-2.0.19.tgz 5433ms (cache miss)
1009 http fetch GET 200 https://registry.npmjs.org/normalize-range/-/normalize-range-0.1.2.tgz 5436ms (cache miss)
1010 http fetch GET 200 https://registry.npmjs.org/nanoid/-/nanoid-3.3.11.tgz 5449ms (cache miss)
1011 http fetch GET 200 https://registry.npmjs.org/natural-compare/-/natural-compare-1.4.0.tgz 5450ms (cache miss)
1012 http fetch GET 200 https://registry.npmjs.org/mz/-/mz-2.7.0.tgz 5648ms (cache miss)
1013 http fetch GET 200 https://registry.npmjs.org/ms/-/ms-2.1.3.tgz 5650ms (cache miss)
1014 http fetch GET 200 https://registry.npmjs.org/prop-types/-/prop-types-15.8.1.tgz 5668ms (cache miss)
1015 http fetch GET 200 https://registry.npmjs.org/react-dom/-/react-dom-18.3.1.tgz 5673ms (cache miss)
1016 http fetch GET 200 https://registry.npmjs.org/postcss-load-config/-/postcss-load-config-4.0.2.tgz 5667ms (cache miss)
1017 http fetch GET 200 https://registry.npmjs.org/react-router/-/react-router-6.30.1.tgz 5676ms (cache miss)
1018 http fetch GET 200 https://registry.npmjs.org/motion-utils/-/motion-utils-12.24.10.tgz 5703ms (cache miss)
1019 http fetch GET 200 https://registry.npmjs.org/minimatch/-/minimatch-3.1.2.tgz 5835ms (cache miss)
1020 http fetch GET 200 https://registry.npmjs.org/merge2/-/merge2-1.4.1.tgz 5839ms (cache miss)
1021 http fetch GET 200 https://registry.npmjs.org/micromatch/-/micromatch-4.0.8.tgz 5922ms (cache miss)
1022 http fetch GET 200 https://registry.npmjs.org/locate-path/-/locate-path-6.0.0.tgz 5946ms (cache miss)
1023 http fetch GET 200 https://registry.npmjs.org/loose-envify/-/loose-envify-1.4.0.tgz 5956ms (cache miss)
1024 http fetch GET 200 https://registry.npmjs.org/lovable-tagger/-/lovable-tagger-1.1.13.tgz 5958ms (cache miss)
1025 http fetch GET 200 https://registry.npmjs.org/lodash.castarray/-/lodash.castarray-4.4.0.tgz 5957ms (cache miss)
1026 http fetch GET 200 https://registry.npmjs.org/lodash.merge/-/lodash.merge-4.6.2.tgz 5958ms (cache miss)
1027 http fetch GET 200 https://registry.npmjs.org/motion-dom/-/motion-dom-12.24.11.tgz 6058ms (cache miss)
1028 http fetch GET 200 https://registry.npmjs.org/react/-/react-18.3.1.tgz 6175ms (cache miss)
1029 http fetch GET 200 https://registry.npmjs.org/minipass/-/minipass-7.1.2.tgz 6178ms (cache miss)
1030 http fetch GET 200 https://registry.npmjs.org/lines-and-columns/-/lines-and-columns-1.2.4.tgz 6276ms (cache miss)
1031 http fetch GET 200 https://registry.npmjs.org/lilconfig/-/lilconfig-3.1.3.tgz 6396ms (cache miss)
1032 http fetch GET 200 https://registry.npmjs.org/keyv/-/keyv-4.5.4.tgz 6548ms (cache miss)
1033 http fetch GET 200 https://registry.npmjs.org/json-schema-traverse/-/json-schema-traverse-0.4.1.tgz 6564ms (cache miss)
1034 http fetch GET 200 https://registry.npmjs.org/json-buffer/-/json-buffer-3.0.1.tgz 6565ms (cache miss)
1035 http fetch GET 200 https://registry.npmjs.org/json-stable-stringify-without-jsonify/-/json-stable-stringify-without-jsonify-1.0.1.tgz 6607ms (cache miss)
1036 http fetch GET 200 https://registry.npmjs.org/lru-cache/-/lru-cache-10.4.3.tgz 6615ms (cache miss)
1037 http fetch GET 200 https://registry.npmjs.org/levn/-/levn-0.4.1.tgz 6616ms (cache miss)
1038 http fetch GET 200 https://registry.npmjs.org/js-tokens/-/js-tokens-4.0.0.tgz 6684ms (cache miss)
1039 http fetch GET 200 https://registry.npmjs.org/isexe/-/isexe-2.0.0.tgz 6707ms (cache miss)
1040 http fetch GET 200 https://registry.npmjs.org/is-number/-/is-number-7.0.0.tgz 6708ms (cache miss)
1041 http fetch GET 200 https://registry.npmjs.org/tailwindcss/-/tailwindcss-3.4.17.tgz 6747ms (cache miss)
1042 http fetch GET 200 https://registry.npmjs.org/is-fullwidth-code-point/-/is-fullwidth-code-point-3.0.0.tgz 6830ms (cache miss)
1043 http fetch GET 200 https://registry.npmjs.org/is-glob/-/is-glob-4.0.3.tgz 6831ms (cache miss)
1044 http fetch GET 200 https://registry.npmjs.org/is-extglob/-/is-extglob-2.1.1.tgz 6843ms (cache miss)
1045 http fetch GET 200 https://registry.npmjs.org/pirates/-/pirates-4.0.6.tgz 6843ms (cache miss)
1046 http fetch GET 200 https://registry.npmjs.org/is-binary-path/-/is-binary-path-2.1.0.tgz 6847ms (cache miss)
1047 http fetch GET 200 https://registry.npmjs.org/is-core-module/-/is-core-module-2.15.1.tgz 6859ms (cache miss)
1048 http fetch GET 200 https://registry.npmjs.org/internmap/-/internmap-2.0.3.tgz 6896ms (cache miss)
1049 http fetch GET 200 https://registry.npmjs.org/imurmurhash/-/imurmurhash-0.1.4.tgz 6901ms (cache miss)
1050 http fetch GET 200 https://registry.npmjs.org/import-fresh/-/import-fresh-3.3.1.tgz 6906ms (cache miss)
1051 http fetch GET 200 https://registry.npmjs.org/js-yaml/-/js-yaml-4.1.0.tgz 6923ms (cache miss)
1052 http fetch GET 200 https://registry.npmjs.org/jackspeak/-/jackspeak-3.4.3.tgz 6928ms (cache miss)
1053 http fetch GET 200 https://registry.npmjs.org/ignore/-/ignore-5.3.2.tgz 6950ms (cache miss)
1054 http fetch GET 200 https://registry.npmjs.org/has-flag/-/has-flag-4.0.0.tgz 6950ms (cache miss)
1055 http fetch GET 200 https://registry.npmjs.org/input-otp/-/input-otp-1.4.2.tgz 6955ms (cache miss)
1056 http fetch GET 200 https://registry.npmjs.org/idb/-/idb-8.0.3.tgz 6961ms (cache miss)
1057 http fetch GET 200 https://registry.npmjs.org/glob-parent/-/glob-parent-6.0.2.tgz 6979ms (cache miss)
1058 http fetch GET 200 https://registry.npmjs.org/get-nonce/-/get-nonce-1.0.1.tgz 7017ms (cache miss)
1059 http fetch GET 200 https://registry.npmjs.org/hasown/-/hasown-2.0.2.tgz 7022ms (cache miss)
1060 http fetch GET 200 https://registry.npmjs.org/globals/-/globals-15.15.0.tgz 7091ms (cache miss)
1061 http fetch GET 200 https://registry.npmjs.org/find-up/-/find-up-5.0.0.tgz 7112ms (cache miss)
1062 http fetch GET 200 https://registry.npmjs.org/lodash.isplainobject/-/lodash.isplainobject-4.0.6.tgz 7113ms (cache miss)
1063 http fetch GET 200 https://registry.npmjs.org/fill-range/-/fill-range-7.1.1.tgz 7118ms (cache miss)
1064 http fetch GET 200 https://registry.npmjs.org/function-bind/-/function-bind-1.1.2.tgz 7134ms (cache miss)
1065 http fetch GET 200 https://registry.npmjs.org/fastq/-/fastq-1.17.1.tgz 7135ms (cache miss)
1066 http fetch GET 200 https://registry.npmjs.org/graphemer/-/graphemer-1.4.0.tgz 7142ms (cache miss)
1067 http fetch GET 200 https://registry.npmjs.org/foreground-child/-/foreground-child-3.3.0.tgz 7163ms (cache miss)
1068 http fetch GET 200 https://registry.npmjs.org/file-entry-cache/-/file-entry-cache-8.0.0.tgz 7191ms (cache miss)
1069 http fetch GET 200 https://registry.npmjs.org/fast-levenshtein/-/fast-levenshtein-2.0.6.tgz 7193ms (cache miss)
1070 http fetch GET 200 https://registry.npmjs.org/fast-json-stable-stringify/-/fast-json-stable-stringify-2.1.0.tgz 7243ms (cache miss)
1071 http fetch GET 200 https://registry.npmjs.org/esutils/-/esutils-2.0.3.tgz 7246ms (cache miss)
1072 http fetch GET 200 https://registry.npmjs.org/eventemitter3/-/eventemitter3-4.0.7.tgz 7249ms (cache miss)
1073 http fetch GET 200 https://registry.npmjs.org/estraverse/-/estraverse-5.3.0.tgz 7250ms (cache miss)
1074 http fetch GET 200 https://registry.npmjs.org/flatted/-/flatted-3.3.1.tgz 7254ms (cache miss)
1075 http fetch GET 200 https://registry.npmjs.org/fast-glob/-/fast-glob-3.3.2.tgz 7316ms (cache miss)
1076 http fetch GET 200 https://registry.npmjs.org/esrecurse/-/esrecurse-4.3.0.tgz 7390ms (cache miss)
1077 http fetch GET 200 https://registry.npmjs.org/esquery/-/esquery-1.6.0.tgz 7389ms (cache miss)
1078 http fetch GET 200 https://registry.npmjs.org/fraction.js/-/fraction.js-4.3.7.tgz 7519ms (cache miss)
1079 http fetch GET 200 https://registry.npmjs.org/fast-deep-equal/-/fast-deep-equal-3.1.3.tgz 7514ms (cache miss)
1080 http fetch GET 200 https://registry.npmjs.org/eslint-visitor-keys/-/eslint-visitor-keys-4.2.1.tgz 7516ms (cache miss)
1081 http fetch GET 200 https://registry.npmjs.org/escalade/-/escalade-3.2.0.tgz 7524ms (cache miss)
1082 http fetch GET 200 https://registry.npmjs.org/espree/-/espree-10.4.0.tgz 7525ms (cache miss)
1083 http fetch GET 200 https://registry.npmjs.org/lodash/-/lodash-4.17.21.tgz 7596ms (cache miss)
1084 http fetch GET 200 https://registry.npmjs.org/escape-string-regexp/-/escape-string-regexp-4.0.0.tgz 7660ms (cache miss)
1085 http fetch GET 200 https://registry.npmjs.org/eslint-scope/-/eslint-scope-8.4.0.tgz 7662ms (cache miss)
1086 http fetch GET 200 https://registry.npmjs.org/fast-equals/-/fast-equals-5.2.2.tgz 7675ms (cache miss)
1087 http fetch GET 200 https://registry.npmjs.org/embla-carousel-reactive-utils/-/embla-carousel-reactive-utils-8.6.0.tgz 7747ms (cache miss)
1088 http fetch GET 200 https://registry.npmjs.org/esbuild/-/esbuild-0.21.5.tgz 7802ms (cache miss)
1089 http fetch GET 200 https://registry.npmjs.org/emoji-regex/-/emoji-regex-9.2.2.tgz 7810ms (cache miss)
1090 http fetch GET 200 https://registry.npmjs.org/didyoumean/-/didyoumean-1.2.2.tgz 7859ms (cache miss)
1091 http fetch GET 200 https://registry.npmjs.org/embla-carousel-react/-/embla-carousel-react-8.6.0.tgz 7902ms (cache miss)
1092 http fetch GET 200 https://registry.npmjs.org/flat-cache/-/flat-cache-4.0.1.tgz 8203ms (cache miss)
1093 http fetch GET 200 https://registry.npmjs.org/dlv/-/dlv-1.1.3.tgz 8212ms (cache miss)
1094 http fetch GET 200 https://registry.npmjs.org/dom-helpers/-/dom-helpers-5.2.1.tgz 8246ms (cache miss)
1095 http fetch GET 200 https://registry.npmjs.org/detect-node-es/-/detect-node-es-1.1.0.tgz 8268ms (cache miss)
1096 http fetch GET 200 https://registry.npmjs.org/deep-is/-/deep-is-0.1.4.tgz 8350ms (cache miss)
1097 http fetch GET 200 https://registry.npmjs.org/electron-to-chromium/-/electron-to-chromium-1.5.192.tgz 8361ms (cache miss)
1098 http fetch GET 200 https://registry.npmjs.org/eslint/-/eslint-9.32.0.tgz 8492ms (cache miss)
1099 http fetch GET 200 https://registry.npmjs.org/glob/-/glob-10.4.5.tgz 8506ms (cache miss)
1100 http fetch GET 200 https://registry.npmjs.org/d3-timer/-/d3-timer-3.0.1.tgz 8497ms (cache miss)
1101 http fetch GET 200 https://registry.npmjs.org/debug/-/debug-4.3.7.tgz 8735ms (cache miss)
1102 http fetch GET 200 https://registry.npmjs.org/eslint-plugin-react-hooks/-/eslint-plugin-react-hooks-5.2.0.tgz 8811ms (cache miss)
1103 http fetch GET 200 https://registry.npmjs.org/d3-path/-/d3-path-3.1.0.tgz 8839ms (cache miss)
1104 http fetch GET 200 https://registry.npmjs.org/eslint-plugin-react-refresh/-/eslint-plugin-react-refresh-0.4.20.tgz 8845ms (cache miss)
1105 http fetch GET 200 https://registry.npmjs.org/d3-time/-/d3-time-3.1.0.tgz 8850ms (cache miss)
1106 http fetch GET 200 https://registry.npmjs.org/d3-time-format/-/d3-time-format-4.1.0.tgz 8857ms (cache miss)
1107 http fetch GET 200 https://registry.npmjs.org/embla-carousel/-/embla-carousel-8.6.0.tgz 8867ms (cache miss)
1108 http fetch GET 200 https://registry.npmjs.org/jiti/-/jiti-1.21.6.tgz 8965ms (cache miss)
1109 http fetch GET 200 https://registry.npmjs.org/d3-scale/-/d3-scale-4.0.2.tgz 8974ms (cache miss)
1110 http fetch GET 200 https://registry.npmjs.org/d3-ease/-/d3-ease-3.0.1.tgz 9084ms (cache miss)
1111 http fetch GET 200 https://registry.npmjs.org/d3-color/-/d3-color-3.1.0.tgz 9165ms (cache miss)
1112 http fetch GET 200 https://registry.npmjs.org/cssesc/-/cssesc-3.0.0.tgz 9327ms (cache miss)
1113 http fetch GET 200 https://registry.npmjs.org/color-name/-/color-name-1.1.4.tgz 9329ms (cache miss)
1114 http fetch GET 200 https://registry.npmjs.org/d3-format/-/d3-format-3.1.0.tgz 9445ms (cache miss)
1115 http fetch GET 200 https://registry.npmjs.org/cross-spawn/-/cross-spawn-7.0.6.tgz 9445ms (cache miss)
1116 http fetch GET 200 https://registry.npmjs.org/eastasianwidth/-/eastasianwidth-0.2.0.tgz 9446ms (cache miss)
1117 http fetch GET 200 https://registry.npmjs.org/commander/-/commander-4.1.1.tgz 9622ms (cache miss)
1118 http fetch GET 200 https://registry.npmjs.org/concat-map/-/concat-map-0.0.1.tgz 9634ms (cache miss)
1119 http fetch GET 200 https://registry.npmjs.org/d3-array/-/d3-array-3.2.4.tgz 9636ms (cache miss)
1120 http fetch GET 200 https://registry.npmjs.org/color-convert/-/color-convert-2.0.1.tgz 9765ms (cache miss)
1121 http fetch GET 200 https://registry.npmjs.org/clsx/-/clsx-2.1.1.tgz 9769ms (cache miss)
1122 http fetch GET 200 https://registry.npmjs.org/cmdk/-/cmdk-1.1.1.tgz 9781ms (cache miss)
1123 http fetch GET 200 https://registry.npmjs.org/class-variance-authority/-/class-variance-authority-0.7.1.tgz 9876ms (cache miss)
1124 http fetch GET 200 https://registry.npmjs.org/d3-shape/-/d3-shape-3.2.0.tgz 9982ms (cache miss)
1125 http fetch GET 200 https://registry.npmjs.org/callsites/-/callsites-3.1.0.tgz 10040ms (cache miss)
1126 http fetch GET 200 https://registry.npmjs.org/camelcase-css/-/camelcase-css-2.0.1.tgz 10041ms (cache miss)
1127 http fetch GET 200 https://registry.npmjs.org/chokidar/-/chokidar-3.6.0.tgz 10042ms (cache miss)
1128 http fetch GET 200 https://registry.npmjs.org/decimal.js-light/-/decimal.js-light-2.5.1.tgz 10049ms (cache miss)
1129 http fetch GET 200 https://registry.npmjs.org/chalk/-/chalk-4.1.2.tgz 10095ms (cache miss)
1130 http fetch GET 200 https://registry.npmjs.org/brace-expansion/-/brace-expansion-1.1.12.tgz 10211ms (cache miss)
1131 http fetch GET 200 https://registry.npmjs.org/browserslist/-/browserslist-4.25.1.tgz 10223ms (cache miss)
1132 http fetch GET 200 https://registry.npmjs.org/d3-interpolate/-/d3-interpolate-3.0.1.tgz 10245ms (cache miss)
1133 http fetch GET 200 https://registry.npmjs.org/balanced-match/-/balanced-match-1.0.2.tgz 10265ms (cache miss)
1134 http fetch GET 200 https://registry.npmjs.org/binary-extensions/-/binary-extensions-2.3.0.tgz 10337ms (cache miss)
1135 http fetch GET 200 https://registry.npmjs.org/aria-hidden/-/aria-hidden-1.2.4.tgz 10345ms (cache miss)
1136 http fetch GET 200 https://registry.npmjs.org/any-promise/-/any-promise-1.3.0.tgz 10357ms (cache miss)
1137 http fetch GET 200 https://registry.npmjs.org/anymatch/-/anymatch-3.1.3.tgz 10357ms (cache miss)
1138 http fetch GET 200 https://registry.npmjs.org/ansi-styles/-/ansi-styles-4.3.0.tgz 10377ms (cache miss)
1139 http fetch GET 200 https://registry.npmjs.org/braces/-/braces-3.0.3.tgz 10379ms (cache miss)
1140 http fetch GET 200 https://registry.npmjs.org/arg/-/arg-5.0.2.tgz 10399ms (cache miss)
1141 http fetch GET 200 https://registry.npmjs.org/acorn-jsx/-/acorn-jsx-5.3.2.tgz 10491ms (cache miss)
1142 http fetch GET 200 https://registry.npmjs.org/ansi-regex/-/ansi-regex-6.1.0.tgz 10530ms (cache miss)
1143 http fetch GET 200 https://registry.npmjs.org/typescript/-/typescript-5.8.3.tgz 10576ms (cache miss)
1144 http fetch GET 200 https://registry.npmjs.org/argparse/-/argparse-2.0.1.tgz 10540ms (cache miss)
1145 http fetch GET 200 https://registry.npmjs.org/autoprefixer/-/autoprefixer-10.4.21.tgz 10542ms (cache miss)
1146 http fetch GET 200 https://registry.npmjs.org/ajv/-/ajv-6.12.6.tgz 10610ms (cache miss)
1147 http fetch GET 200 https://registry.npmjs.org/@typescript-eslint/visitor-keys/-/visitor-keys-8.38.0.tgz 11536ms (cache miss)
1148 http fetch GET 200 https://registry.npmjs.org/@vitejs/plugin-react-swc/-/plugin-react-swc-3.11.0.tgz 11646ms (cache miss)
1149 http fetch GET 200 https://registry.npmjs.org/@typescript-eslint/tsconfig-utils/-/tsconfig-utils-8.38.0.tgz 11708ms (cache miss)
1150 http fetch GET 200 https://registry.npmjs.org/@typescript-eslint/project-service/-/project-service-8.38.0.tgz 11819ms (cache miss)
1151 http fetch GET 200 https://registry.npmjs.org/@typescript-eslint/utils/-/utils-8.38.0.tgz 11838ms (cache miss)
1152 http fetch GET 200 https://registry.npmjs.org/csstype/-/csstype-3.1.3.tgz 11876ms (cache miss)
1153 http fetch GET 200 https://registry.npmjs.org/@typescript-eslint/types/-/types-8.38.0.tgz 11898ms (cache miss)
1154 http fetch GET 200 https://registry.npmjs.org/@typescript-eslint/type-utils/-/type-utils-8.38.0.tgz 11952ms (cache miss)
1155 http fetch GET 200 https://registry.npmjs.org/@types/json-schema/-/json-schema-7.0.15.tgz 12006ms (cache miss)
1156 http fetch GET 200 https://registry.npmjs.org/@types/react/-/react-18.3.23.tgz 12200ms (cache miss)
1157 http fetch GET 200 https://registry.npmjs.org/@types/react-dom/-/react-dom-18.3.7.tgz 12453ms (cache miss)
1158 http fetch GET 200 https://registry.npmjs.org/@types/d3-timer/-/d3-timer-3.0.2.tgz 12559ms (cache miss)
1159 http fetch GET 200 https://registry.npmjs.org/@typescript-eslint/typescript-estree/-/typescript-estree-8.38.0.tgz 12595ms (cache miss)
1160 http fetch GET 200 https://registry.npmjs.org/@types/estree/-/estree-1.0.6.tgz 12604ms (cache miss)
1161 http fetch GET 200 https://registry.npmjs.org/@types/prop-types/-/prop-types-15.7.13.tgz 12833ms (cache miss)
1162 http fetch GET 200 https://registry.npmjs.org/@typescript-eslint/scope-manager/-/scope-manager-8.38.0.tgz 13186ms (cache miss)
1163 http fetch GET 200 https://registry.npmjs.org/acorn/-/acorn-8.15.0.tgz 13218ms (cache miss)
1164 http fetch GET 200 https://registry.npmjs.org/@types/d3-scale/-/d3-scale-4.0.8.tgz 13242ms (cache miss)
1165 http fetch GET 200 https://registry.npmjs.org/@types/d3-color/-/d3-color-3.1.3.tgz 13284ms (cache miss)
1166 http fetch GET 200 https://registry.npmjs.org/@types/d3-shape/-/d3-shape-3.1.6.tgz 13383ms (cache miss)
1167 http fetch GET 200 https://registry.npmjs.org/@types/d3-path/-/d3-path-3.1.0.tgz 13463ms (cache miss)
1168 http fetch GET 200 https://registry.npmjs.org/@tanstack/react-query/-/react-query-5.83.0.tgz 13607ms (cache miss)
1169 http fetch GET 200 https://registry.npmjs.org/@types/d3-time/-/d3-time-3.0.3.tgz 13643ms (cache miss)
1170 http fetch GET 200 https://registry.npmjs.org/@types/node/-/node-22.16.5.tgz 13654ms (cache miss)
1171 http fetch GET 200 https://registry.npmjs.org/@types/d3-ease/-/d3-ease-3.0.2.tgz 13775ms (cache miss)
1172 http fetch GET 200 https://registry.npmjs.org/@types/d3-interpolate/-/d3-interpolate-3.0.4.tgz 13797ms (cache miss)
1173 http fetch GET 200 https://registry.npmjs.org/@typescript-eslint/parser/-/parser-8.38.0.tgz 13898ms (cache miss)
1174 http fetch GET 200 https://registry.npmjs.org/@typescript-eslint/eslint-plugin/-/eslint-plugin-8.38.0.tgz 14035ms (cache miss)
1175 http fetch GET 200 https://registry.npmjs.org/@swc/core/-/core-1.13.2.tgz 14252ms (cache miss)
1176 http fetch GET 200 https://registry.npmjs.org/@radix-ui/react-visually-hidden/-/react-visually-hidden-1.2.3.tgz 14272ms (cache miss)
1177 http fetch GET 200 https://registry.npmjs.org/@radix-ui/rect/-/rect-1.1.1.tgz 14488ms (cache miss)
1178 http fetch GET 200 https://registry.npmjs.org/caniuse-lite/-/caniuse-lite-1.0.30001727.tgz 14596ms (cache miss)
1179 http fetch GET 200 https://registry.npmjs.org/@radix-ui/react-use-size/-/react-use-size-1.1.1.tgz 14710ms (cache miss)
1180 http fetch GET 200 https://registry.npmjs.org/@radix-ui/react-use-previous/-/react-use-previous-1.1.1.tgz 15097ms (cache miss)
1181 http fetch GET 200 https://registry.npmjs.org/@remix-run/router/-/router-1.23.0.tgz 15099ms (cache miss)
1182 http fetch GET 200 https://registry.npmjs.org/framer-motion/-/framer-motion-12.25.0.tgz 15168ms (cache miss)
1183 http fetch GET 200 https://registry.npmjs.org/@rolldown/pluginutils/-/pluginutils-1.0.0-beta.27.tgz 15192ms (cache miss)
1184 http fetch GET 200 https://registry.npmjs.org/@radix-ui/react-use-rect/-/react-use-rect-1.1.1.tgz 15217ms (cache miss)
1185 http fetch GET 200 https://registry.npmjs.org/@swc/types/-/types-0.1.23.tgz 15226ms (cache miss)
1186 http fetch GET 200 https://registry.npmjs.org/@tailwindcss/typography/-/typography-0.5.16.tgz 15228ms (cache miss)
1187 http fetch GET 200 https://registry.npmjs.org/date-fns/-/date-fns-3.6.0.tgz 15353ms (cache miss)
1188 http fetch GET 200 https://registry.npmjs.org/@radix-ui/react-use-effect-event/-/react-use-effect-event-0.0.2.tgz 15478ms (cache miss)
1189 http fetch GET 200 https://registry.npmjs.org/@radix-ui/react-use-callback-ref/-/react-use-callback-ref-1.1.1.tgz 15537ms (cache miss)
1190 http fetch GET 200 https://registry.npmjs.org/@radix-ui/react-use-escape-keydown/-/react-use-escape-keydown-1.1.1.tgz 15626ms (cache miss)
1191 http fetch GET 200 https://registry.npmjs.org/@radix-ui/react-use-controllable-state/-/react-use-controllable-state-1.2.2.tgz 15638ms (cache miss)
1192 http fetch GET 200 https://registry.npmjs.org/@radix-ui/react-toast/-/react-toast-1.2.14.tgz 16151ms (cache miss)
1193 http fetch GET 200 https://registry.npmjs.org/@radix-ui/react-toggle/-/react-toggle-1.1.9.tgz 16192ms (cache miss)
1194 http fetch GET 200 https://registry.npmjs.org/@types/d3-array/-/d3-array-3.2.1.tgz 16234ms (cache miss)
1195 http fetch GET 200 https://registry.npmjs.org/@tanstack/query-core/-/query-core-5.83.0.tgz 16240ms (cache miss)
1196 http fetch GET 200 https://registry.npmjs.org/@radix-ui/react-use-layout-effect/-/react-use-layout-effect-1.1.1.tgz 16617ms (cache miss)
1197 http fetch GET 200 https://registry.npmjs.org/@radix-ui/react-use-is-hydrated/-/react-use-is-hydrated-0.1.0.tgz 16637ms (cache miss)
1198 http fetch GET 200 https://registry.npmjs.org/@swc/counter/-/counter-0.1.3.tgz 16659ms (cache miss)
1199 http fetch GET 200 https://registry.npmjs.org/@radix-ui/react-tabs/-/react-tabs-1.1.12.tgz 16723ms (cache miss)
1200 http fetch GET 200 https://registry.npmjs.org/@radix-ui/react-scroll-area/-/react-scroll-area-1.2.9.tgz 16862ms (cache miss)
1201 http fetch GET 200 https://registry.npmjs.org/@radix-ui/react-switch/-/react-switch-1.2.5.tgz 17188ms (cache miss)
1202 http fetch GET 200 https://registry.npmjs.org/@radix-ui/react-separator/-/react-separator-1.1.7.tgz 17344ms (cache miss)
1203 http fetch GET 200 https://registry.npmjs.org/lucide-react/-/lucide-react-0.462.0.tgz 17415ms (cache miss)
1204 http fetch GET 200 https://registry.npmjs.org/@radix-ui/react-roving-focus/-/react-roving-focus-1.1.10.tgz 17490ms (cache miss)
1205 http fetch GET 200 https://registry.npmjs.org/@radix-ui/react-toggle-group/-/react-toggle-group-1.1.10.tgz 17494ms (cache miss)
1206 http fetch GET 200 https://registry.npmjs.org/@radix-ui/react-select/-/react-select-2.2.5.tgz 17494ms (cache miss)
1207 http fetch GET 200 https://registry.npmjs.org/@radix-ui/react-primitive/-/react-primitive-2.1.3.tgz 17742ms (cache miss)
1208 http fetch GET 200 https://registry.npmjs.org/@radix-ui/react-slider/-/react-slider-1.3.5.tgz 17758ms (cache miss)
1209 http fetch GET 200 https://registry.npmjs.org/@radix-ui/react-progress/-/react-progress-1.1.7.tgz 17819ms (cache miss)
1210 http fetch GET 200 https://registry.npmjs.org/@radix-ui/react-id/-/react-id-1.1.1.tgz 18120ms (cache miss)
1211 http fetch GET 200 https://registry.npmjs.org/@radix-ui/react-radio-group/-/react-radio-group-1.3.7.tgz 18276ms (cache miss)
1212 http fetch GET 200 https://registry.npmjs.org/@rollup/rollup-win32-x64-msvc/-/rollup-win32-x64-msvc-4.24.0.tgz 18283ms (cache miss)
1213 http fetch GET 200 https://registry.npmjs.org/@radix-ui/react-slot/-/react-slot-1.2.3.tgz 18387ms (cache miss)
1214 http fetch GET 200 https://registry.npmjs.org/@radix-ui/react-label/-/react-label-2.1.7.tgz 18389ms (cache miss)
1215 http fetch GET 200 https://registry.npmjs.org/@radix-ui/react-hover-card/-/react-hover-card-1.1.14.tgz 18623ms (cache miss)
1216 http fetch GET 200 https://registry.npmjs.org/@radix-ui/react-popper/-/react-popper-1.2.7.tgz 18748ms (cache miss)
1217 http fetch GET 200 https://registry.npmjs.org/@radix-ui/react-popover/-/react-popover-1.1.14.tgz 18770ms (cache miss)
1218 http fetch GET 200 https://registry.npmjs.org/@radix-ui/react-focus-scope/-/react-focus-scope-1.1.7.tgz 18956ms (cache miss)
1219 http fetch GET 200 https://registry.npmjs.org/@radix-ui/react-presence/-/react-presence-1.1.4.tgz 19064ms (cache miss)
1220 http fetch GET 200 https://registry.npmjs.org/@radix-ui/react-menu/-/react-menu-2.1.15.tgz 19409ms (cache miss)
1221 http fetch GET 200 https://registry.npmjs.org/@radix-ui/react-tooltip/-/react-tooltip-1.2.7.tgz 19416ms (cache miss)
1222 http fetch GET 200 https://registry.npmjs.org/@radix-ui/react-navigation-menu/-/react-navigation-menu-1.2.13.tgz 19517ms (cache miss)
1223 http fetch GET 200 https://registry.npmjs.org/@radix-ui/react-dialog/-/react-dialog-1.1.14.tgz 19535ms (cache miss)
1224 http fetch GET 200 https://registry.npmjs.org/@radix-ui/react-focus-guards/-/react-focus-guards-1.1.2.tgz 19790ms (cache miss)
1225 http fetch GET 200 https://registry.npmjs.org/@radix-ui/react-context/-/react-context-1.1.2.tgz 19791ms (cache miss)
1226 http fetch GET 200 https://registry.npmjs.org/@radix-ui/react-portal/-/react-portal-1.1.9.tgz 19816ms (cache miss)
1227 http fetch GET 200 https://registry.npmjs.org/@radix-ui/react-menubar/-/react-menubar-1.1.15.tgz 19854ms (cache miss)
1228 http fetch GET 200 https://registry.npmjs.org/@radix-ui/react-dropdown-menu/-/react-dropdown-menu-2.1.15.tgz 20107ms (cache miss)
1229 http fetch GET 200 https://registry.npmjs.org/@radix-ui/react-direction/-/react-direction-1.1.1.tgz 20109ms (cache miss)
1230 http fetch GET 200 https://registry.npmjs.org/@radix-ui/react-checkbox/-/react-checkbox-1.3.2.tgz 20251ms (cache miss)
1231 http fetch GET 200 https://registry.npmjs.org/@radix-ui/react-compose-refs/-/react-compose-refs-1.1.2.tgz 20273ms (cache miss)
1232 http fetch GET 200 https://registry.npmjs.org/@jridgewell/trace-mapping/-/trace-mapping-0.3.25.tgz 20301ms (cache miss)
1233 http fetch GET 200 https://registry.npmjs.org/@radix-ui/react-context-menu/-/react-context-menu-2.2.15.tgz 20355ms (cache miss)
1234 http fetch GET 200 https://registry.npmjs.org/@jridgewell/set-array/-/set-array-1.2.1.tgz 20409ms (cache miss)
1235 http fetch GET 200 https://registry.npmjs.org/@nodelib/fs.walk/-/fs.walk-1.2.8.tgz 20413ms (cache miss)
1236 http fetch GET 200 https://registry.npmjs.org/@jridgewell/resolve-uri/-/resolve-uri-3.1.2.tgz 20534ms (cache miss)
1237 http fetch GET 200 https://registry.npmjs.org/@nodelib/fs.scandir/-/fs.scandir-2.1.5.tgz 20535ms (cache miss)
1238 http fetch GET 200 https://registry.npmjs.org/@jridgewell/sourcemap-codec/-/sourcemap-codec-1.5.0.tgz 20549ms (cache miss)
1239 http fetch GET 200 https://registry.npmjs.org/@jridgewell/gen-mapping/-/gen-mapping-0.3.5.tgz 20617ms (cache miss)
1240 http fetch GET 200 https://registry.npmjs.org/@isaacs/cliui/-/cliui-8.0.2.tgz 20618ms (cache miss)
1241 http fetch GET 200 https://registry.npmjs.org/@radix-ui/number/-/number-1.1.1.tgz 20622ms (cache miss)
1242 http fetch GET 200 https://registry.npmjs.org/@nodelib/fs.stat/-/fs.stat-2.0.5.tgz 20621ms (cache miss)
1243 http fetch GET 200 https://registry.npmjs.org/@radix-ui/react-avatar/-/react-avatar-1.1.10.tgz 20682ms (cache miss)
1244 http fetch GET 200 https://registry.npmjs.org/@humanfs/core/-/core-0.19.1.tgz 20689ms (cache miss)
1245 http fetch GET 200 https://registry.npmjs.org/@humanwhocodes/retry/-/retry-0.4.3.tgz 20717ms (cache miss)
1246 http fetch GET 200 https://registry.npmjs.org/@radix-ui/react-aspect-ratio/-/react-aspect-ratio-1.1.7.tgz 20889ms (cache miss)
1247 http fetch GET 200 https://registry.npmjs.org/@radix-ui/react-arrow/-/react-arrow-1.1.7.tgz 20889ms (cache miss)
1248 http fetch GET 200 https://registry.npmjs.org/@pkgjs/parseargs/-/parseargs-0.11.0.tgz 20909ms (cache miss)
1249 http fetch GET 200 https://registry.npmjs.org/@radix-ui/react-dismissable-layer/-/react-dismissable-layer-1.1.10.tgz 21043ms (cache miss)
1250 http fetch GET 200 https://registry.npmjs.org/@humanfs/node/-/node-0.16.6.tgz 21284ms (cache miss)
1251 http fetch GET 200 https://registry.npmjs.org/@radix-ui/react-accordion/-/react-accordion-1.2.11.tgz 21306ms (cache miss)
1252 http fetch GET 200 https://registry.npmjs.org/@eslint/plugin-kit/-/plugin-kit-0.3.4.tgz 21360ms (cache miss)
1253 http fetch GET 200 https://registry.npmjs.org/@eslint/object-schema/-/object-schema-2.1.6.tgz 21396ms (cache miss)
1254 http fetch GET 200 https://registry.npmjs.org/@radix-ui/react-collapsible/-/react-collapsible-1.1.11.tgz 21579ms (cache miss)
1255 http fetch GET 200 https://registry.npmjs.org/@eslint/core/-/core-0.15.1.tgz 21586ms (cache miss)
1256 http fetch GET 200 https://registry.npmjs.org/@floating-ui/utils/-/utils-0.2.10.tgz 21611ms (cache miss)
1257 http fetch GET 200 https://registry.npmjs.org/@floating-ui/core/-/core-1.7.2.tgz 21725ms (cache miss)
1258 http fetch GET 200 https://registry.npmjs.org/@humanwhocodes/module-importer/-/module-importer-1.0.1.tgz 21911ms (cache miss)
1259 http fetch GET 200 https://registry.npmjs.org/@floating-ui/react-dom/-/react-dom-2.1.4.tgz 21944ms (cache miss)
1260 http fetch GET 200 https://registry.npmjs.org/@alloc/quick-lru/-/quick-lru-5.2.0.tgz 22014ms (cache miss)
1261 http fetch GET 200 https://registry.npmjs.org/ansi-styles/-/ansi-styles-6.2.1.tgz 22015ms (cache miss)
1262 http fetch GET 200 https://registry.npmjs.org/@eslint/config-array/-/config-array-0.21.0.tgz 22057ms (cache miss)
1263 http fetch GET 200 https://registry.npmjs.org/strip-ansi/-/strip-ansi-6.0.1.tgz 22194ms (cache miss)
1264 http fetch GET 200 https://registry.npmjs.org/ansi-regex/-/ansi-regex-5.0.1.tgz 22198ms (cache miss)
1265 http fetch GET 200 https://registry.npmjs.org/@eslint/js/-/js-9.32.0.tgz 22208ms (cache miss)
1266 http fetch GET 200 https://registry.npmjs.org/@radix-ui/react-collection/-/react-collection-1.1.7.tgz 22233ms (cache miss)
1267 http fetch GET 200 https://registry.npmjs.org/emoji-regex/-/emoji-regex-8.0.0.tgz 22225ms (cache miss)
1268 http fetch GET 200 https://registry.npmjs.org/strip-ansi/-/strip-ansi-6.0.1.tgz 22243ms (cache miss)
1269 http fetch GET 200 https://registry.npmjs.org/ansi-regex/-/ansi-regex-5.0.1.tgz 22247ms (cache miss)
1270 http fetch GET 200 https://registry.npmjs.org/ansi-regex/-/ansi-regex-5.0.1.tgz 22360ms (cache miss)
1271 http fetch GET 200 https://registry.npmjs.org/string-width/-/string-width-4.2.3.tgz 22374ms (cache miss)
1272 http fetch GET 200 https://registry.npmjs.org/brace-expansion/-/brace-expansion-2.0.2.tgz 22375ms (cache miss)
1273 http fetch GET 200 https://registry.npmjs.org/react-is/-/react-is-16.13.1.tgz 22389ms (cache miss)
1274 http fetch GET 200 https://registry.npmjs.org/@eslint/config-helpers/-/config-helpers-0.3.0.tgz 22438ms (cache miss)
1275 http fetch GET 200 https://registry.npmjs.org/emoji-regex/-/emoji-regex-8.0.0.tgz 22443ms (cache miss)
1276 http fetch GET 200 https://registry.npmjs.org/glob-parent/-/glob-parent-5.1.2.tgz 22448ms (cache miss)
1277 http fetch GET 200 https://registry.npmjs.org/glob-parent/-/glob-parent-5.1.2.tgz 22453ms (cache miss)
1278 http fetch GET 200 https://registry.npmjs.org/@babel/runtime/-/runtime-7.28.2.tgz 22459ms (cache miss)
1279 http fetch GET 200 https://registry.npmjs.org/ignore/-/ignore-7.0.5.tgz 22577ms (cache miss)
1280 http fetch GET 200 https://registry.npmjs.org/brace-expansion/-/brace-expansion-2.0.2.tgz 22678ms (cache miss)
1281 http fetch GET 200 https://registry.npmjs.org/esbuild/-/esbuild-0.25.0.tgz 22698ms (cache miss)
1282 http fetch GET 200 https://registry.npmjs.org/postcss-selector-parser/-/postcss-selector-parser-6.0.10.tgz 22811ms (cache miss)
1283 http fetch GET 200 https://registry.npmjs.org/@hookform/resolvers/-/resolvers-3.10.0.tgz 22894ms (cache miss)
1284 http fetch GET 200 https://registry.npmjs.org/globals/-/globals-14.0.0.tgz 22898ms (cache miss)
1285 http fetch GET 200 https://registry.npmjs.org/@floating-ui/dom/-/dom-1.7.2.tgz 22961ms (cache miss)
1286 http fetch GET 200 https://registry.npmjs.org/eslint-visitor-keys/-/eslint-visitor-keys-3.4.3.tgz 22961ms (cache miss)
1287 http fetch GET 200 https://registry.npmjs.org/@radix-ui/react-alert-dialog/-/react-alert-dialog-1.1.14.tgz 23018ms (cache miss)
1288 http fetch GET 200 https://registry.npmjs.org/glob 22600ms (cache miss)
1289 silly packumentCache corgi:https://registry.npmjs.org/glob set size:undefined disposed:false
1290 http fetch GET 200 https://registry.npmjs.org/@eslint-community/eslint-utils/-/eslint-utils-4.7.0.tgz 23310ms (cache miss)
1291 http fetch GET 200 https://registry.npmjs.org/@eslint-community/regexpp/-/regexpp-4.12.1.tgz 23315ms (cache miss)
1292 http fetch GET 200 https://registry.npmjs.org/js-yaml 22618ms (cache miss)
1293 silly packumentCache corgi:https://registry.npmjs.org/js-yaml set size:undefined disposed:false
1294 http fetch GET 200 https://registry.npmjs.org/@humanwhocodes/retry/-/retry-0.3.1.tgz 23462ms (cache miss)
1295 http fetch GET 200 https://registry.npmjs.org/@eslint/eslintrc/-/eslintrc-3.3.1.tgz 23596ms (cache miss)
1296 http fetch GET 200 https://registry.npmjs.org/@remix-run%2frouter 22917ms (cache miss)
1297 silly packumentCache corgi:https://registry.npmjs.org/@remix-run%2frouter set size:undefined disposed:false
1298 http fetch GET 200 https://registry.npmjs.org/react-router 23310ms (cache miss)
1299 silly packumentCache corgi:https://registry.npmjs.org/react-router set size:undefined disposed:false
1300 http fetch GET 200 https://registry.npmjs.org/@radix-ui/primitive/-/primitive-1.1.2.tgz 24335ms (cache miss)
1301 http fetch GET 200 https://registry.npmjs.org/minimatch/-/minimatch-9.0.5.tgz 25068ms (cache miss)
1302 http fetch GET 200 https://registry.npmjs.org/minimatch/-/minimatch-9.0.5.tgz 25083ms (cache miss)
1303 http fetch GET 200 https://registry.npmjs.org/esbuild 24570ms (cache miss)
1304 silly packumentCache corgi:https://registry.npmjs.org/esbuild set size:undefined disposed:false
1305 http fetch GET 200 https://registry.npmjs.org/vite 25416ms (cache miss)
1306 silly packumentCache corgi:https://registry.npmjs.org/vite set size:undefined disposed:false
1307 silly packumentCache corgi:https://registry.npmjs.org/react-router-dom cache-miss
1308 http fetch GET 200 https://registry.npmjs.org/@esbuild/win32-x64/-/win32-x64-0.25.0.tgz 28188ms (cache miss)
1309 http fetch GET 200 https://registry.npmjs.org/react-router-dom 2468ms (cache miss)
1310 silly packumentCache corgi:https://registry.npmjs.org/react-router-dom set size:undefined disposed:false
1311 silly packumentCache corgi:https://registry.npmjs.org/sucrase cache-miss
1312 http fetch GET 200 https://registry.npmjs.org/sucrase 85ms (cache miss)
1313 silly packumentCache corgi:https://registry.npmjs.org/sucrase set size:undefined disposed:false
1314 silly packumentCache corgi:https://registry.npmjs.org/@eslint%2feslintrc cache-miss
1315 http fetch GET 200 https://registry.npmjs.org/@eslint%2feslintrc 209ms (cache miss)
1316 silly packumentCache corgi:https://registry.npmjs.org/@eslint%2feslintrc set size:undefined disposed:false
1317 silly packumentCache corgi:https://registry.npmjs.org/@vitejs%2fplugin-react-swc cache-miss
1318 silly packumentCache corgi:https://registry.npmjs.org/lovable-tagger cache-miss
1319 http fetch GET 200 https://registry.npmjs.org/lovable-tagger 140ms (cache miss)
1320 silly packumentCache corgi:https://registry.npmjs.org/lovable-tagger set size:undefined disposed:false
1321 http fetch GET 200 https://registry.npmjs.org/@vitejs%2fplugin-react-swc 272ms (cache miss)
1322 silly packumentCache corgi:https://registry.npmjs.org/@vitejs%2fplugin-react-swc set size:undefined disposed:false
1323 http fetch GET 200 https://registry.npmjs.org/@esbuild/win32-x64/-/win32-x64-0.21.5.tgz 32664ms (cache miss)
1324 http fetch GET 200 https://registry.npmjs.org/@swc/core-win32-x64-msvc/-/core-win32-x64-msvc-1.13.2.tgz 39664ms (cache miss)
1325 info run @swc/core@1.13.2 postinstall node_modules/@swc/core node postinstall.js
1326 info run esbuild@0.21.5 postinstall node_modules/esbuild node install.js
1327 info run esbuild@0.25.0 postinstall node_modules/lovable-tagger/node_modules/esbuild node install.js
1328 info run @swc/core@1.13.2 postinstall { code: 0, signal: null }
1329 info run esbuild@0.25.0 postinstall { code: 0, signal: null }
1330 info run esbuild@0.21.5 postinstall { code: 0, signal: null }
1331 silly ADD node_modules/zod
1332 silly ADD node_modules/yocto-queue
1333 silly ADD node_modules/yaml
1334 silly ADD node_modules/wrap-ansi-cjs
1335 silly ADD node_modules/wrap-ansi-cjs/node_modules/strip-ansi
1336 silly ADD node_modules/wrap-ansi-cjs/node_modules/string-width
1337 silly ADD node_modules/wrap-ansi-cjs/node_modules/emoji-regex
1338 silly ADD node_modules/wrap-ansi-cjs/node_modules/ansi-regex
1339 silly ADD node_modules/wrap-ansi
1340 silly ADD node_modules/wrap-ansi/node_modules/ansi-styles
1341 silly ADD node_modules/word-wrap
1342 silly ADD node_modules/which
1343 silly ADD node_modules/vite
1344 silly ADD node_modules/victory-vendor
1345 silly ADD node_modules/vaul
1346 silly ADD node_modules/util-deprecate
1347 silly ADD node_modules/use-sync-external-store
1348 silly ADD node_modules/use-sidecar
1349 silly ADD node_modules/use-callback-ref
1350 silly ADD node_modules/uri-js
1351 silly ADD node_modules/update-browserslist-db
1352 silly ADD node_modules/undici-types
1353 silly ADD node_modules/typescript-eslint
1354 silly ADD node_modules/typescript
1355 silly ADD node_modules/type-check
1356 silly ADD node_modules/tslib
1357 silly ADD node_modules/ts-interface-checker
1358 silly ADD node_modules/ts-api-utils
1359 silly ADD node_modules/to-regex-range
1360 silly ADD node_modules/tiny-invariant
1361 silly ADD node_modules/thenify-all
1362 silly ADD node_modules/thenify
1363 silly ADD node_modules/tailwindcss-animate
1364 silly ADD node_modules/tailwindcss
1365 silly ADD node_modules/tailwind-merge
1366 silly ADD node_modules/supports-preserve-symlinks-flag
1367 silly ADD node_modules/supports-color
1368 silly ADD node_modules/sucrase
1369 silly ADD node_modules/strip-json-comments
1370 silly ADD node_modules/strip-ansi-cjs
1371 silly ADD node_modules/strip-ansi-cjs/node_modules/ansi-regex
1372 silly ADD node_modules/strip-ansi
1373 silly ADD node_modules/string-width-cjs
1374 silly ADD node_modules/string-width-cjs/node_modules/strip-ansi
1375 silly ADD node_modules/string-width-cjs/node_modules/emoji-regex
1376 silly ADD node_modules/string-width-cjs/node_modules/ansi-regex
1377 silly ADD node_modules/string-width
1378 silly ADD node_modules/source-map-js
1379 silly ADD node_modules/sonner
1380 silly ADD node_modules/signal-exit
1381 silly ADD node_modules/shebang-regex
1382 silly ADD node_modules/shebang-command
1383 silly ADD node_modules/semver
1384 silly ADD node_modules/scheduler
1385 silly ADD node_modules/run-parallel
1386 silly ADD node_modules/rollup
1387 silly ADD node_modules/reusify
1388 silly ADD node_modules/resolve-from
1389 silly ADD node_modules/resolve
1390 silly ADD node_modules/recharts-scale
1391 silly ADD node_modules/recharts
1392 silly ADD node_modules/readdirp
1393 silly ADD node_modules/read-cache
1394 silly ADD node_modules/react-transition-group
1395 silly ADD node_modules/react-style-singleton
1396 silly ADD node_modules/react-smooth
1397 silly ADD node_modules/react-router-dom
1398 silly ADD node_modules/react-router
1399 silly ADD node_modules/react-resizable-panels
1400 silly ADD node_modules/react-remove-scroll-bar
1401 silly ADD node_modules/react-remove-scroll
1402 silly ADD node_modules/react-is
1403 silly ADD node_modules/react-hook-form
1404 silly ADD node_modules/react-dom
1405 silly ADD node_modules/react-day-picker
1406 silly ADD node_modules/react
1407 silly ADD node_modules/queue-microtask
1408 silly ADD node_modules/punycode
1409 silly ADD node_modules/prop-types
1410 silly ADD node_modules/prop-types/node_modules/react-is
1411 silly ADD node_modules/prelude-ls
1412 silly ADD node_modules/postcss-value-parser
1413 silly ADD node_modules/postcss-selector-parser
1414 silly ADD node_modules/postcss-nested
1415 silly ADD node_modules/postcss-load-config
1416 silly ADD node_modules/postcss-js
1417 silly ADD node_modules/postcss-import
1418 silly ADD node_modules/postcss
1419 silly ADD node_modules/pirates
1420 silly ADD node_modules/pify
1421 silly ADD node_modules/picomatch
1422 silly ADD node_modules/picocolors
1423 silly ADD node_modules/path-scurry
1424 silly ADD node_modules/path-parse
1425 silly ADD node_modules/path-key
1426 silly ADD node_modules/path-exists
1427 silly ADD node_modules/parent-module
1428 silly ADD node_modules/package-json-from-dist
1429 silly ADD node_modules/p-locate
1430 silly ADD node_modules/p-limit
1431 silly ADD node_modules/optionator
1432 silly ADD node_modules/object-hash
1433 silly ADD node_modules/object-assign
1434 silly ADD node_modules/normalize-range
1435 silly ADD node_modules/normalize-path
1436 silly ADD node_modules/node-releases
1437 silly ADD node_modules/next-themes
1438 silly ADD node_modules/natural-compare
1439 silly ADD node_modules/nanoid
1440 silly ADD node_modules/mz
1441 silly ADD node_modules/ms
1442 silly ADD node_modules/motion-utils
1443 silly ADD node_modules/motion-dom
1444 silly ADD node_modules/minipass
1445 silly ADD node_modules/minimatch
1446 silly ADD node_modules/micromatch
1447 silly ADD node_modules/merge2
1448 silly ADD node_modules/lucide-react
1449 silly ADD node_modules/lru-cache
1450 silly ADD node_modules/lovable-tagger
1451 silly ADD node_modules/lovable-tagger/node_modules/esbuild
1452 silly ADD node_modules/lovable-tagger/node_modules/@esbuild/win32-x64
1453 silly ADD
1454 silly ADD
1455 silly ADD
1456 silly ADD
1457 silly ADD
1458 silly ADD
1459 silly ADD
1460 silly ADD
1461 silly ADD
1462 silly ADD
1463 silly ADD
1464 silly ADD
1465 silly ADD
1466 silly ADD
1467 silly ADD
1468 silly ADD
1469 silly ADD
1470 silly ADD
1471 silly ADD
1472 silly ADD
1473 silly ADD
1474 silly ADD
1475 silly ADD node_modules/loose-envify
1476 silly ADD node_modules/lodash.merge
1477 silly ADD node_modules/lodash.isplainobject
1478 silly ADD node_modules/lodash.castarray
1479 silly ADD node_modules/lodash
1480 silly ADD node_modules/locate-path
1481 silly ADD node_modules/lines-and-columns
1482 silly ADD node_modules/lilconfig
1483 silly ADD node_modules/levn
1484 silly ADD node_modules/keyv
1485 silly ADD node_modules/json-stable-stringify-without-jsonify
1486 silly ADD node_modules/json-schema-traverse
1487 silly ADD node_modules/json-buffer
1488 silly ADD node_modules/js-yaml
1489 silly ADD node_modules/js-tokens
1490 silly ADD node_modules/jiti
1491 silly ADD node_modules/jackspeak
1492 silly ADD node_modules/isexe
1493 silly ADD node_modules/is-number
1494 silly ADD node_modules/is-glob
1495 silly ADD node_modules/is-fullwidth-code-point
1496 silly ADD node_modules/is-extglob
1497 silly ADD node_modules/is-core-module
1498 silly ADD node_modules/is-binary-path
1499 silly ADD node_modules/internmap
1500 silly ADD node_modules/input-otp
1501 silly ADD node_modules/imurmurhash
1502 silly ADD node_modules/import-fresh
1503 silly ADD node_modules/ignore
1504 silly ADD node_modules/idb
1505 silly ADD node_modules/hasown
1506 silly ADD node_modules/has-flag
1507 silly ADD node_modules/graphemer
1508 silly ADD node_modules/globals
1509 silly ADD node_modules/glob-parent
1510 silly ADD node_modules/glob
1511 silly ADD node_modules/glob/node_modules/minimatch
1512 silly ADD node_modules/glob/node_modules/brace-expansion
1513 silly ADD node_modules/get-nonce
1514 silly ADD node_modules/function-bind
1515 silly ADD
1516 silly ADD node_modules/framer-motion
1517 silly ADD node_modules/fraction.js
1518 silly ADD node_modules/foreground-child
1519 silly ADD node_modules/flatted
1520 silly ADD node_modules/flat-cache
1521 silly ADD node_modules/find-up
1522 silly ADD node_modules/fill-range
1523 silly ADD node_modules/file-entry-cache
1524 silly ADD node_modules/fastq
1525 silly ADD node_modules/fast-levenshtein
1526 silly ADD node_modules/fast-json-stable-stringify
1527 silly ADD node_modules/fast-glob
1528 silly ADD node_modules/fast-glob/node_modules/glob-parent
1529 silly ADD node_modules/fast-equals
1530 silly ADD node_modules/fast-deep-equal
1531 silly ADD node_modules/eventemitter3
1532 silly ADD node_modules/esutils
1533 silly ADD node_modules/estraverse
1534 silly ADD node_modules/esrecurse
1535 silly ADD node_modules/esquery
1536 silly ADD node_modules/espree
1537 silly ADD node_modules/eslint-visitor-keys
1538 silly ADD node_modules/eslint-scope
1539 silly ADD node_modules/eslint-plugin-react-refresh
1540 silly ADD node_modules/eslint-plugin-react-hooks
1541 silly ADD node_modules/eslint
1542 silly ADD node_modules/escape-string-regexp
1543 silly ADD node_modules/escalade
1544 silly ADD node_modules/esbuild
1545 silly ADD node_modules/emoji-regex
1546 silly ADD node_modules/embla-carousel-reactive-utils
1547 silly ADD node_modules/embla-carousel-react
1548 silly ADD node_modules/embla-carousel
1549 silly ADD node_modules/electron-to-chromium
1550 silly ADD node_modules/eastasianwidth
1551 silly ADD node_modules/dom-helpers
1552 silly ADD node_modules/dlv
1553 silly ADD node_modules/didyoumean
1554 silly ADD node_modules/detect-node-es
1555 silly ADD node_modules/deep-is
1556 silly ADD node_modules/decimal.js-light
1557 silly ADD node_modules/debug
1558 silly ADD node_modules/date-fns
1559 silly ADD node_modules/d3-timer
1560 silly ADD node_modules/d3-time-format
1561 silly ADD node_modules/d3-time
1562 silly ADD node_modules/d3-shape
1563 silly ADD node_modules/d3-scale
1564 silly ADD node_modules/d3-path
1565 silly ADD node_modules/d3-interpolate
1566 silly ADD node_modules/d3-format
1567 silly ADD node_modules/d3-ease
1568 silly ADD node_modules/d3-color
1569 silly ADD node_modules/d3-array
1570 silly ADD node_modules/csstype
1571 silly ADD node_modules/cssesc
1572 silly ADD node_modules/cross-spawn
1573 silly ADD node_modules/concat-map
1574 silly ADD node_modules/commander
1575 silly ADD node_modules/color-name
1576 silly ADD node_modules/color-convert
1577 silly ADD node_modules/cmdk
1578 silly ADD node_modules/clsx
1579 silly ADD node_modules/class-variance-authority
1580 silly ADD node_modules/chokidar
1581 silly ADD node_modules/chokidar/node_modules/glob-parent
1582 silly ADD node_modules/chalk
1583 silly ADD node_modules/caniuse-lite
1584 silly ADD node_modules/camelcase-css
1585 silly ADD node_modules/callsites
1586 silly ADD node_modules/browserslist
1587 silly ADD node_modules/braces
1588 silly ADD node_modules/brace-expansion
1589 silly ADD node_modules/binary-extensions
1590 silly ADD node_modules/balanced-match
1591 silly ADD node_modules/autoprefixer
1592 silly ADD node_modules/aria-hidden
1593 silly ADD node_modules/argparse
1594 silly ADD node_modules/arg
1595 silly ADD node_modules/anymatch
1596 silly ADD node_modules/any-promise
1597 silly ADD node_modules/ansi-styles
1598 silly ADD node_modules/ansi-regex
1599 silly ADD node_modules/ajv
1600 silly ADD node_modules/acorn-jsx
1601 silly ADD node_modules/acorn
1602 silly ADD node_modules/@vitejs/plugin-react-swc
1603 silly ADD node_modules/@typescript-eslint/visitor-keys
1604 silly ADD node_modules/@typescript-eslint/utils
1605 silly ADD node_modules/@typescript-eslint/typescript-estree
1606 silly ADD node_modules/@typescript-eslint/typescript-estree/node_modules/minimatch
1607 silly ADD node_modules/@typescript-eslint/typescript-estree/node_modules/brace-expansion
1608 silly ADD node_modules/@typescript-eslint/types
1609 silly ADD node_modules/@typescript-eslint/type-utils
1610 silly ADD node_modules/@typescript-eslint/tsconfig-utils
1611 silly ADD node_modules/@typescript-eslint/scope-manager
1612 silly ADD node_modules/@typescript-eslint/project-service
1613 silly ADD node_modules/@typescript-eslint/parser
1614 silly ADD node_modules/@typescript-eslint/eslint-plugin
1615 silly ADD node_modules/@typescript-eslint/eslint-plugin/node_modules/ignore
1616 silly ADD node_modules/@types/react-dom
1617 silly ADD node_modules/@types/react
1618 silly ADD node_modules/@types/prop-types
1619 silly ADD node_modules/@types/node
1620 silly ADD node_modules/@types/json-schema
1621 silly ADD node_modules/@types/estree
1622 silly ADD node_modules/@types/d3-timer
1623 silly ADD node_modules/@types/d3-time
1624 silly ADD node_modules/@types/d3-shape
1625 silly ADD node_modules/@types/d3-scale
1626 silly ADD node_modules/@types/d3-path
1627 silly ADD node_modules/@types/d3-interpolate
1628 silly ADD node_modules/@types/d3-ease
1629 silly ADD node_modules/@types/d3-color
1630 silly ADD node_modules/@types/d3-array
1631 silly ADD node_modules/@tanstack/react-query
1632 silly ADD node_modules/@tanstack/query-core
1633 silly ADD node_modules/@tailwindcss/typography
1634 silly ADD node_modules/@tailwindcss/typography/node_modules/postcss-selector-parser
1635 silly ADD node_modules/@swc/types
1636 silly ADD node_modules/@swc/counter
1637 silly ADD node_modules/@swc/core-win32-x64-msvc
1638 silly ADD
1639 silly ADD
1640 silly ADD
1641 silly ADD
1642 silly ADD
1643 silly ADD
1644 silly ADD
1645 silly ADD
1646 silly ADD
1647 silly ADD node_modules/@swc/core
1648 silly ADD node_modules/@rollup/rollup-win32-x64-msvc
1649 silly ADD
1650 silly ADD
1651 silly ADD
1652 silly ADD
1653 silly ADD
1654 silly ADD
1655 silly ADD
1656 silly ADD
1657 silly ADD
1658 silly ADD
1659 silly ADD
1660 silly ADD
1661 silly ADD
1662 silly ADD
1663 silly ADD
1664 silly ADD node_modules/@rolldown/pluginutils
1665 silly ADD node_modules/@remix-run/router
1666 silly ADD node_modules/@radix-ui/rect
1667 silly ADD node_modules/@radix-ui/react-visually-hidden
1668 silly ADD node_modules/@radix-ui/react-use-size
1669 silly ADD node_modules/@radix-ui/react-use-rect
1670 silly ADD node_modules/@radix-ui/react-use-previous
1671 silly ADD node_modules/@radix-ui/react-use-layout-effect
1672 silly ADD node_modules/@radix-ui/react-use-is-hydrated
1673 silly ADD node_modules/@radix-ui/react-use-escape-keydown
1674 silly ADD node_modules/@radix-ui/react-use-effect-event
1675 silly ADD node_modules/@radix-ui/react-use-controllable-state
1676 silly ADD node_modules/@radix-ui/react-use-callback-ref
1677 silly ADD node_modules/@radix-ui/react-tooltip
1678 silly ADD node_modules/@radix-ui/react-toggle-group
1679 silly ADD node_modules/@radix-ui/react-toggle
1680 silly ADD node_modules/@radix-ui/react-toast
1681 silly ADD node_modules/@radix-ui/react-tabs
1682 silly ADD node_modules/@radix-ui/react-switch
1683 silly ADD node_modules/@radix-ui/react-slot
1684 silly ADD node_modules/@radix-ui/react-slider
1685 silly ADD node_modules/@radix-ui/react-separator
1686 silly ADD node_modules/@radix-ui/react-select
1687 silly ADD node_modules/@radix-ui/react-scroll-area
1688 silly ADD node_modules/@radix-ui/react-roving-focus
1689 silly ADD node_modules/@radix-ui/react-radio-group
1690 silly ADD node_modules/@radix-ui/react-progress
1691 silly ADD node_modules/@radix-ui/react-primitive
1692 silly ADD node_modules/@radix-ui/react-presence
1693 silly ADD node_modules/@radix-ui/react-portal
1694 silly ADD node_modules/@radix-ui/react-popper
1695 silly ADD node_modules/@radix-ui/react-popover
1696 silly ADD node_modules/@radix-ui/react-navigation-menu
1697 silly ADD node_modules/@radix-ui/react-menubar
1698 silly ADD node_modules/@radix-ui/react-menu
1699 silly ADD node_modules/@radix-ui/react-label
1700 silly ADD node_modules/@radix-ui/react-id
1701 silly ADD node_modules/@radix-ui/react-hover-card
1702 silly ADD node_modules/@radix-ui/react-focus-scope
1703 silly ADD node_modules/@radix-ui/react-focus-guards
1704 silly ADD node_modules/@radix-ui/react-dropdown-menu
1705 silly ADD node_modules/@radix-ui/react-dismissable-layer
1706 silly ADD node_modules/@radix-ui/react-direction
1707 silly ADD node_modules/@radix-ui/react-dialog
1708 silly ADD node_modules/@radix-ui/react-context-menu
1709 silly ADD node_modules/@radix-ui/react-context
1710 silly ADD node_modules/@radix-ui/react-compose-refs
1711 silly ADD node_modules/@radix-ui/react-collection
1712 silly ADD node_modules/@radix-ui/react-collapsible
1713 silly ADD node_modules/@radix-ui/react-checkbox
1714 silly ADD node_modules/@radix-ui/react-avatar
1715 silly ADD node_modules/@radix-ui/react-aspect-ratio
1716 silly ADD node_modules/@radix-ui/react-arrow
1717 silly ADD node_modules/@radix-ui/react-alert-dialog
1718 silly ADD node_modules/@radix-ui/react-accordion
1719 silly ADD node_modules/@radix-ui/primitive
1720 silly ADD node_modules/@radix-ui/number
1721 silly ADD node_modules/@pkgjs/parseargs
1722 silly ADD node_modules/@nodelib/fs.walk
1723 silly ADD node_modules/@nodelib/fs.stat
1724 silly ADD node_modules/@nodelib/fs.scandir
1725 silly ADD node_modules/@jridgewell/trace-mapping
1726 silly ADD node_modules/@jridgewell/sourcemap-codec
1727 silly ADD node_modules/@jridgewell/set-array
1728 silly ADD node_modules/@jridgewell/resolve-uri
1729 silly ADD node_modules/@jridgewell/gen-mapping
1730 silly ADD node_modules/@isaacs/cliui
1731 silly ADD node_modules/@humanwhocodes/retry
1732 silly ADD node_modules/@humanwhocodes/module-importer
1733 silly ADD node_modules/@humanfs/node
1734 silly ADD node_modules/@humanfs/node/node_modules/@humanwhocodes/retry
1735 silly ADD node_modules/@humanfs/core
1736 silly ADD node_modules/@hookform/resolvers
1737 silly ADD node_modules/@floating-ui/utils
1738 silly ADD node_modules/@floating-ui/react-dom
1739 silly ADD node_modules/@floating-ui/dom
1740 silly ADD node_modules/@floating-ui/core
1741 silly ADD node_modules/@eslint/plugin-kit
1742 silly ADD node_modules/@eslint/object-schema
1743 silly ADD node_modules/@eslint/js
1744 silly ADD node_modules/@eslint/eslintrc
1745 silly ADD node_modules/@eslint/eslintrc/node_modules/globals
1746 silly ADD node_modules/@eslint/core
1747 silly ADD node_modules/@eslint/config-helpers
1748 silly ADD node_modules/@eslint/config-array
1749 silly ADD node_modules/@eslint-community/regexpp
1750 silly ADD node_modules/@eslint-community/eslint-utils
1751 silly ADD node_modules/@eslint-community/eslint-utils/node_modules/eslint-visitor-keys
1752 silly ADD node_modules/@esbuild/win32-x64
1753 silly ADD
1754 silly ADD
1755 silly ADD
1756 silly ADD
1757 silly ADD
1758 silly ADD
1759 silly ADD
1760 silly ADD
1761 silly ADD
1762 silly ADD
1763 silly ADD
1764 silly ADD
1765 silly ADD
1766 silly ADD
1767 silly ADD
1768 silly ADD
1769 silly ADD
1770 silly ADD
1771 silly ADD
1772 silly ADD
1773 silly ADD
1774 silly ADD
1775 silly ADD
1776 silly ADD
1777 silly ADD node_modules/@babel/runtime
1778 silly ADD node_modules/@alloc/quick-lru
1779 verbose cwd D:\Desktop\sahayak-memory-main\sahayak-memory-companion-main
1780 verbose os Windows_NT 10.0.26200
1781 verbose node v22.21.0
1782 verbose npm  v10.9.4
1783 notice
1783 notice New [31mmajor[39m version of npm available! [31m10.9.4[39m -> [34m11.7.0[39m
1783 notice Changelog: [34mhttps://github.com/npm/cli/releases/tag/v11.7.0[39m
1783 notice To update run: [4mnpm install -g npm@11.7.0[24m
1783 notice  { force: true, [Symbol(proc-log.meta)]: true }
1784 verbose exit 0
1785 info ok
